actual,predict
Bacterial_Spot,Bacterial_Spot
Bacterial_Spot,Bacterial_Spot
Bacterial_Spot,Bacterial_Spot
Bacterial_Spot,Bacterial_Spot
Bacterial_Spot,Bacterial_Spot
Bacterial_Spot,Bacterial_Spot
Bacterial_Spot,Bacterial_Spot
Bacterial_Spot,Bacterial_Spot
Bacterial_Spot,Bacterial_Spot
Bacterial_Spot,Bacterial_Spot
Bacterial_Spot,Bacterial_Spot
Bacterial_Spot,Bacterial_Spot
Bacterial_Spot,Bacterial_Spot
Bacterial_Spot,Bacterial_Spot
Bacterial_Spot,Bacterial_Spot
Bacterial_Spot,Bacterial_Spot
Bacterial_Spot,Bacterial_Spot
Bacterial_Spot,Bacterial_Spot
Bacterial_Spot,Bacterial_Spot
Bacterial_Spot,Bacterial_Spot
Bacterial_Spot,Bacterial_Spot
Bacterial_Spot,Bacterial_Spot
Bacterial_Spot,Bacterial_Spot
Bacterial_Spot,Bacterial_Spot
Bacterial_Spot,Bacterial_Spot
Bacterial_Spot,Bacterial_Spot
Bacterial_Spot,Bacterial_Spot
Bacterial_Spot,Bacterial_Spot
Bacterial_Spot,Bacterial_Spot
Bacterial_Spot,Bacterial_Spot
Bacterial_Spot,Bacterial_Spot
Bacterial_Spot,Bacterial_Spot
Bacterial_Spot,Bacterial_Spot
Bacterial_Spot,Bacterial_Spot
Bacterial_Spot,Bacterial_Spot
Bacterial_Spot,Bacterial_Spot
Bacterial_Spot,Bacterial_Spot
Bacterial_Spot,Bacterial_Spot
Bacterial_Spot,Bacterial_Spot
Bacterial_Spot,Bacterial_Spot
Bacterial_Spot,Bacterial_Spot
Bacterial_Spot,Bacterial_Spot
Bacterial_Spot,Bacterial_Spot
Bacterial_Spot,Bacterial_Spot
Bacterial_Spot,Bacterial_Spot
Bacterial_Spot,Bacterial_Spot
Bacterial_Spot,Bacterial_Spot
Bacterial_Spot,Bacterial_Spot
Bacterial_Spot,Bacterial_Spot
Bacterial_Spot,Bacterial_Spot
Bacterial_Spot,Bacterial_Spot
Bacterial_Spot,Bacterial_Spot
Bacterial_Spot,Bacterial_Spot
Bacterial_Spot,Bacterial_Spot
Bacterial_Spot,Bacterial_Spot
Bacterial_Spot,Bacterial_Spot
Bacterial_Spot,Bacterial_Spot
Bacterial_Spot,Bacterial_Spot
Bacterial_Spot,Bacterial_Spot
Bacterial_Spot,Bacterial_Spot
Bacterial_Spot,Bacterial_Spot
Bacterial_Spot,Bacterial_Spot
Bacterial_Spot,Bacterial_Spot
Bacterial_Spot,Bacterial_Spot
Bacterial_Spot,Bacterial_Spot
Bacterial_Spot,Bacterial_Spot
Bacterial_Spot,Bacterial_Spot
Bacterial_Spot,Bacterial_Spot
Bacterial_Spot,Bacterial_Spot
Bacterial_Spot,Bacterial_Spot
Bacterial_Spot,Bacterial_Spot
Bacterial_Spot,Target_Spot
Bacterial_Spot,Bacterial_Spot
Bacterial_Spot,Bacterial_Spot
Bacterial_Spot,Bacterial_Spot
Bacterial_Spot,Bacterial_Spot
Bacterial_Spot,Bacterial_Spot
Bacterial_Spot,Bacterial_Spot
Bacterial_Spot,Bacterial_Spot
Bacterial_Spot,Bacterial_Spot
Bacterial_Spot,Bacterial_Spot
Bacterial_Spot,Bacterial_Spot
Bacterial_Spot,Bacterial_Spot
Bacterial_Spot,Bacterial_Spot
Bacterial_Spot,Bacterial_Spot
Bacterial_Spot,Bacterial_Spot
Bacterial_Spot,Bacterial_Spot
Bacterial_Spot,Bacterial_Spot
Bacterial_Spot,Bacterial_Spot
Bacterial_Spot,Bacterial_Spot
Bacterial_Spot,Bacterial_Spot
Bacterial_Spot,Bacterial_Spot
Bacterial_Spot,Bacterial_Spot
Bacterial_Spot,Bacterial_Spot
Bacterial_Spot,Bacterial_Spot
Bacterial_Spot,Bacterial_Spot
Bacterial_Spot,Bacterial_Spot
Bacterial_Spot,Bacterial_Spot
Bacterial_Spot,Bacterial_Spot
Bacterial_Spot,Bacterial_Spot
Bacterial_Spot,Bacterial_Spot
Bacterial_Spot,Bacterial_Spot
Bacterial_Spot,Bacterial_Spot
Bacterial_Spot,Bacterial_Spot
Bacterial_Spot,Bacterial_Spot
Bacterial_Spot,Bacterial_Spot
Bacterial_Spot,Bacterial_Spot
Bacterial_Spot,Bacterial_Spot
Bacterial_Spot,Bacterial_Spot
Bacterial_Spot,Bacterial_Spot
Bacterial_Spot,Bacterial_Spot
Bacterial_Spot,Bacterial_Spot
Bacterial_Spot,Bacterial_Spot
Bacterial_Spot,Bacterial_Spot
Bacterial_Spot,Bacterial_Spot
Bacterial_Spot,Bacterial_Spot
Bacterial_Spot,Bacterial_Spot
Bacterial_Spot,Bacterial_Spot
Bacterial_Spot,Bacterial_Spot
Bacterial_Spot,Bacterial_Spot
Bacterial_Spot,Bacterial_Spot
Bacterial_Spot,Bacterial_Spot
Bacterial_Spot,Bacterial_Spot
Bacterial_Spot,Bacterial_Spot
Bacterial_Spot,Bacterial_Spot
Bacterial_Spot,Bacterial_Spot
Bacterial_Spot,Bacterial_Spot
Bacterial_Spot,Bacterial_Spot
Bacterial_Spot,Bacterial_Spot
Bacterial_Spot,Bacterial_Spot
Bacterial_Spot,Bacterial_Spot
Bacterial_Spot,Bacterial_Spot
Bacterial_Spot,Bacterial_Spot
Bacterial_Spot,Bacterial_Spot
Bacterial_Spot,Bacterial_Spot
Bacterial_Spot,Bacterial_Spot
Bacterial_Spot,Bacterial_Spot
Bacterial_Spot,Bacterial_Spot
Bacterial_Spot,Bacterial_Spot
Bacterial_Spot,Bacterial_Spot
Bacterial_Spot,Bacterial_Spot
Bacterial_Spot,Bacterial_Spot
Bacterial_Spot,Bacterial_Spot
Bacterial_Spot,Bacterial_Spot
Bacterial_Spot,Bacterial_Spot
Bacterial_Spot,Bacterial_Spot
Bacterial_Spot,Bacterial_Spot
Bacterial_Spot,Bacterial_Spot
Bacterial_Spot,Bacterial_Spot
Bacterial_Spot,Bacterial_Spot
Bacterial_Spot,Bacterial_Spot
Bacterial_Spot,Bacterial_Spot
Bacterial_Spot,Bacterial_Spot
Bacterial_Spot,Bacterial_Spot
Bacterial_Spot,Bacterial_Spot
Bacterial_Spot,Bacterial_Spot
Bacterial_Spot,Bacterial_Spot
Bacterial_Spot,Bacterial_Spot
Bacterial_Spot,Bacterial_Spot
Bacterial_Spot,Bacterial_Spot
Bacterial_Spot,Bacterial_Spot
Bacterial_Spot,Bacterial_Spot
Bacterial_Spot,Bacterial_Spot
Bacterial_Spot,Bacterial_Spot
Bacterial_Spot,Bacterial_Spot
Bacterial_Spot,Bacterial_Spot
Bacterial_Spot,Bacterial_Spot
Bacterial_Spot,Bacterial_Spot
Bacterial_Spot,Bacterial_Spot
Bacterial_Spot,Bacterial_Spot
Bacterial_Spot,Bacterial_Spot
Bacterial_Spot,Bacterial_Spot
Bacterial_Spot,Bacterial_Spot
Bacterial_Spot,Bacterial_Spot
Bacterial_Spot,Bacterial_Spot
Bacterial_Spot,Bacterial_Spot
Bacterial_Spot,Bacterial_Spot
Bacterial_Spot,Bacterial_Spot
Bacterial_Spot,Bacterial_Spot
Bacterial_Spot,Bacterial_Spot
Bacterial_Spot,Bacterial_Spot
Bacterial_Spot,Bacterial_Spot
Bacterial_Spot,Bacterial_Spot
Bacterial_Spot,Septoria_Leaf_Spot
Bacterial_Spot,Bacterial_Spot
Bacterial_Spot,Bacterial_Spot
Bacterial_Spot,Bacterial_Spot
Bacterial_Spot,Bacterial_Spot
Bacterial_Spot,Bacterial_Spot
Bacterial_Spot,Bacterial_Spot
Bacterial_Spot,Bacterial_Spot
Bacterial_Spot,Bacterial_Spot
Bacterial_Spot,Bacterial_Spot
Bacterial_Spot,Bacterial_Spot
Bacterial_Spot,Bacterial_Spot
Bacterial_Spot,Bacterial_Spot
Bacterial_Spot,Bacterial_Spot
Bacterial_Spot,Bacterial_Spot
Bacterial_Spot,Bacterial_Spot
Bacterial_Spot,Bacterial_Spot
Bacterial_Spot,Bacterial_Spot
Bacterial_Spot,Bacterial_Spot
Bacterial_Spot,Bacterial_Spot
Bacterial_Spot,Bacterial_Spot
Bacterial_Spot,Septoria_Leaf_Spot
Bacterial_Spot,Bacterial_Spot
Bacterial_Spot,Bacterial_Spot
Bacterial_Spot,Bacterial_Spot
Bacterial_Spot,Bacterial_Spot
Bacterial_Spot,Bacterial_Spot
Bacterial_Spot,Bacterial_Spot
Bacterial_Spot,Bacterial_Spot
Bacterial_Spot,Bacterial_Spot
Bacterial_Spot,Bacterial_Spot
Bacterial_Spot,Bacterial_Spot
Bacterial_Spot,Bacterial_Spot
Bacterial_Spot,Bacterial_Spot
Bacterial_Spot,Bacterial_Spot
Bacterial_Spot,Bacterial_Spot
Bacterial_Spot,Bacterial_Spot
Bacterial_Spot,Bacterial_Spot
Bacterial_Spot,Bacterial_Spot
Bacterial_Spot,Early_Blight
Bacterial_Spot,Bacterial_Spot
Bacterial_Spot,Bacterial_Spot
Bacterial_Spot,Bacterial_Spot
Bacterial_Spot,Bacterial_Spot
Bacterial_Spot,Bacterial_Spot
Bacterial_Spot,Bacterial_Spot
Bacterial_Spot,Bacterial_Spot
Bacterial_Spot,Bacterial_Spot
Bacterial_Spot,Bacterial_Spot
Bacterial_Spot,Bacterial_Spot
Bacterial_Spot,Bacterial_Spot
Bacterial_Spot,Bacterial_Spot
Bacterial_Spot,Bacterial_Spot
Bacterial_Spot,Bacterial_Spot
Bacterial_Spot,Bacterial_Spot
Bacterial_Spot,Bacterial_Spot
Bacterial_Spot,Bacterial_Spot
Bacterial_Spot,Bacterial_Spot
Bacterial_Spot,Bacterial_Spot
Bacterial_Spot,Bacterial_Spot
Bacterial_Spot,Bacterial_Spot
Bacterial_Spot,Bacterial_Spot
Bacterial_Spot,Bacterial_Spot
Bacterial_Spot,Bacterial_Spot
Bacterial_Spot,Bacterial_Spot
Bacterial_Spot,Bacterial_Spot
Bacterial_Spot,Bacterial_Spot
Bacterial_Spot,Bacterial_Spot
Bacterial_Spot,Bacterial_Spot
Bacterial_Spot,Bacterial_Spot
Bacterial_Spot,Bacterial_Spot
Bacterial_Spot,Bacterial_Spot
Bacterial_Spot,Bacterial_Spot
Bacterial_Spot,Bacterial_Spot
Bacterial_Spot,Bacterial_Spot
Bacterial_Spot,Bacterial_Spot
Bacterial_Spot,Bacterial_Spot
Bacterial_Spot,Bacterial_Spot
Bacterial_Spot,Bacterial_Spot
Bacterial_Spot,Bacterial_Spot
Bacterial_Spot,Bacterial_Spot
Bacterial_Spot,Bacterial_Spot
Bacterial_Spot,Bacterial_Spot
Bacterial_Spot,Bacterial_Spot
Bacterial_Spot,Bacterial_Spot
Bacterial_Spot,Bacterial_Spot
Bacterial_Spot,Early_Blight
Bacterial_Spot,Bacterial_Spot
Bacterial_Spot,Bacterial_Spot
Bacterial_Spot,Bacterial_Spot
Bacterial_Spot,Bacterial_Spot
Bacterial_Spot,Bacterial_Spot
Bacterial_Spot,Bacterial_Spot
Bacterial_Spot,Bacterial_Spot
Bacterial_Spot,Bacterial_Spot
Bacterial_Spot,Bacterial_Spot
Bacterial_Spot,Bacterial_Spot
Bacterial_Spot,Bacterial_Spot
Bacterial_Spot,Bacterial_Spot
Bacterial_Spot,Bacterial_Spot
Bacterial_Spot,Bacterial_Spot
Bacterial_Spot,Bacterial_Spot
Bacterial_Spot,Bacterial_Spot
Bacterial_Spot,Bacterial_Spot
Bacterial_Spot,Bacterial_Spot
Bacterial_Spot,Bacterial_Spot
Bacterial_Spot,Bacterial_Spot
Bacterial_Spot,Bacterial_Spot
Bacterial_Spot,Bacterial_Spot
Bacterial_Spot,Bacterial_Spot
Bacterial_Spot,Bacterial_Spot
Bacterial_Spot,Bacterial_Spot
Bacterial_Spot,Bacterial_Spot
Bacterial_Spot,Bacterial_Spot
Bacterial_Spot,Bacterial_Spot
Bacterial_Spot,Bacterial_Spot
Bacterial_Spot,Bacterial_Spot
Bacterial_Spot,Bacterial_Spot
Bacterial_Spot,Bacterial_Spot
Bacterial_Spot,Bacterial_Spot
Bacterial_Spot,Bacterial_Spot
Bacterial_Spot,Bacterial_Spot
Bacterial_Spot,Bacterial_Spot
Bacterial_Spot,Bacterial_Spot
Bacterial_Spot,Bacterial_Spot
Bacterial_Spot,Bacterial_Spot
Bacterial_Spot,Bacterial_Spot
Bacterial_Spot,Bacterial_Spot
Bacterial_Spot,Bacterial_Spot
Bacterial_Spot,Bacterial_Spot
Bacterial_Spot,Bacterial_Spot
Bacterial_Spot,Target_Spot
Bacterial_Spot,Bacterial_Spot
Bacterial_Spot,Bacterial_Spot
Bacterial_Spot,Bacterial_Spot
Bacterial_Spot,Bacterial_Spot
Bacterial_Spot,Bacterial_Spot
Bacterial_Spot,Bacterial_Spot
Bacterial_Spot,Bacterial_Spot
Bacterial_Spot,Bacterial_Spot
Bacterial_Spot,Bacterial_Spot
Bacterial_Spot,Bacterial_Spot
Bacterial_Spot,Bacterial_Spot
Bacterial_Spot,Bacterial_Spot
Bacterial_Spot,Bacterial_Spot
Bacterial_Spot,Bacterial_Spot
Bacterial_Spot,Bacterial_Spot
Bacterial_Spot,Bacterial_Spot
Bacterial_Spot,Bacterial_Spot
Bacterial_Spot,Bacterial_Spot
Bacterial_Spot,Bacterial_Spot
Bacterial_Spot,Bacterial_Spot
Bacterial_Spot,Bacterial_Spot
Bacterial_Spot,Bacterial_Spot
Bacterial_Spot,Bacterial_Spot
Bacterial_Spot,Bacterial_Spot
Bacterial_Spot,Bacterial_Spot
Bacterial_Spot,Bacterial_Spot
Bacterial_Spot,Bacterial_Spot
Bacterial_Spot,Bacterial_Spot
Bacterial_Spot,Bacterial_Spot
Bacterial_Spot,Bacterial_Spot
Bacterial_Spot,Bacterial_Spot
Bacterial_Spot,Bacterial_Spot
Bacterial_Spot,Bacterial_Spot
Bacterial_Spot,Bacterial_Spot
Bacterial_Spot,Bacterial_Spot
Bacterial_Spot,Bacterial_Spot
Bacterial_Spot,Bacterial_Spot
Bacterial_Spot,Bacterial_Spot
Bacterial_Spot,Bacterial_Spot
Bacterial_Spot,Bacterial_Spot
Bacterial_Spot,Bacterial_Spot
Bacterial_Spot,Bacterial_Spot
Bacterial_Spot,Bacterial_Spot
Bacterial_Spot,Bacterial_Spot
Bacterial_Spot,Bacterial_Spot
Bacterial_Spot,Bacterial_Spot
Bacterial_Spot,Bacterial_Spot
Bacterial_Spot,Bacterial_Spot
Bacterial_Spot,Bacterial_Spot
Bacterial_Spot,Bacterial_Spot
Bacterial_Spot,Bacterial_Spot
Bacterial_Spot,Bacterial_Spot
Bacterial_Spot,Bacterial_Spot
Bacterial_Spot,Bacterial_Spot
Bacterial_Spot,Bacterial_Spot
Bacterial_Spot,Bacterial_Spot
Bacterial_Spot,Bacterial_Spot
Bacterial_Spot,Bacterial_Spot
Bacterial_Spot,Bacterial_Spot
Bacterial_Spot,Bacterial_Spot
Bacterial_Spot,Bacterial_Spot
Bacterial_Spot,Bacterial_Spot
Bacterial_Spot,Bacterial_Spot
Bacterial_Spot,Bacterial_Spot
Bacterial_Spot,Bacterial_Spot
Bacterial_Spot,Bacterial_Spot
Bacterial_Spot,Bacterial_Spot
Bacterial_Spot,Bacterial_Spot
Bacterial_Spot,Target_Spot
Bacterial_Spot,Bacterial_Spot
Bacterial_Spot,Bacterial_Spot
Bacterial_Spot,Bacterial_Spot
Bacterial_Spot,Bacterial_Spot
Bacterial_Spot,Bacterial_Spot
Bacterial_Spot,Bacterial_Spot
Bacterial_Spot,Bacterial_Spot
Bacterial_Spot,Bacterial_Spot
Bacterial_Spot,Bacterial_Spot
Bacterial_Spot,Bacterial_Spot
Bacterial_Spot,Bacterial_Spot
Bacterial_Spot,Bacterial_Spot
Bacterial_Spot,Bacterial_Spot
Bacterial_Spot,Bacterial_Spot
Bacterial_Spot,Bacterial_Spot
Bacterial_Spot,Bacterial_Spot
Bacterial_Spot,Bacterial_Spot
Bacterial_Spot,Bacterial_Spot
Bacterial_Spot,Bacterial_Spot
Bacterial_Spot,Bacterial_Spot
Bacterial_Spot,Bacterial_Spot
Bacterial_Spot,Bacterial_Spot
Bacterial_Spot,Bacterial_Spot
Bacterial_Spot,Bacterial_Spot
Bacterial_Spot,Bacterial_Spot
Bacterial_Spot,Bacterial_Spot
Bacterial_Spot,Bacterial_Spot
Bacterial_Spot,Bacterial_Spot
Bacterial_Spot,Bacterial_Spot
Bacterial_Spot,Bacterial_Spot
Bacterial_Spot,Bacterial_Spot
Bacterial_Spot,Bacterial_Spot
Bacterial_Spot,Bacterial_Spot
Bacterial_Spot,Bacterial_Spot
Bacterial_Spot,Bacterial_Spot
Bacterial_Spot,Bacterial_Spot
Bacterial_Spot,Bacterial_Spot
Bacterial_Spot,Bacterial_Spot
Bacterial_Spot,Bacterial_Spot
Bacterial_Spot,Bacterial_Spot
Bacterial_Spot,Target_Spot
Early_Blight,Early_Blight
Early_Blight,Early_Blight
Early_Blight,Early_Blight
Early_Blight,Early_Blight
Early_Blight,Early_Blight
Early_Blight,Early_Blight
Early_Blight,Early_Blight
Early_Blight,Early_Blight
Early_Blight,Early_Blight
Early_Blight,Early_Blight
Early_Blight,Early_Blight
Early_Blight,Early_Blight
Early_Blight,Early_Blight
Early_Blight,Early_Blight
Early_Blight,Early_Blight
Early_Blight,Healthy
Early_Blight,Early_Blight
Early_Blight,Early_Blight
Early_Blight,Early_Blight
Early_Blight,Early_Blight
Early_Blight,Early_Blight
Early_Blight,Early_Blight
Early_Blight,Early_Blight
Early_Blight,Early_Blight
Early_Blight,Early_Blight
Early_Blight,Early_Blight
Early_Blight,Early_Blight
Early_Blight,Early_Blight
Early_Blight,Early_Blight
Early_Blight,Early_Blight
Early_Blight,Early_Blight
Early_Blight,Early_Blight
Early_Blight,Early_Blight
Early_Blight,Early_Blight
Early_Blight,Early_Blight
Early_Blight,Early_Blight
Early_Blight,Early_Blight
Early_Blight,Early_Blight
Early_Blight,Early_Blight
Early_Blight,Early_Blight
Early_Blight,Early_Blight
Early_Blight,Early_Blight
Early_Blight,Early_Blight
Early_Blight,Early_Blight
Early_Blight,Early_Blight
Early_Blight,Early_Blight
Early_Blight,Early_Blight
Early_Blight,Bacterial_Spot
Early_Blight,Early_Blight
Early_Blight,Bacterial_Spot
Early_Blight,Early_Blight
Early_Blight,Early_Blight
Early_Blight,Early_Blight
Early_Blight,Early_Blight
Early_Blight,Early_Blight
Early_Blight,Early_Blight
Early_Blight,Bacterial_Spot
Early_Blight,Early_Blight
Early_Blight,Early_Blight
Early_Blight,Early_Blight
Early_Blight,Early_Blight
Early_Blight,Early_Blight
Early_Blight,Early_Blight
Early_Blight,Early_Blight
Early_Blight,Early_Blight
Early_Blight,Early_Blight
Early_Blight,Early_Blight
Early_Blight,Early_Blight
Early_Blight,Early_Blight
Early_Blight,Early_Blight
Early_Blight,Early_Blight
Early_Blight,Early_Blight
Early_Blight,Early_Blight
Early_Blight,Early_Blight
Early_Blight,Early_Blight
Early_Blight,Early_Blight
Early_Blight,Early_Blight
Early_Blight,Early_Blight
Early_Blight,Early_Blight
Early_Blight,Early_Blight
Early_Blight,Early_Blight
Early_Blight,Early_Blight
Early_Blight,Early_Blight
Early_Blight,Early_Blight
Early_Blight,Early_Blight
Early_Blight,Early_Blight
Early_Blight,Early_Blight
Early_Blight,Early_Blight
Early_Blight,Early_Blight
Early_Blight,Early_Blight
Early_Blight,Early_Blight
Early_Blight,Early_Blight
Early_Blight,Early_Blight
Early_Blight,Early_Blight
Early_Blight,Early_Blight
Early_Blight,Early_Blight
Early_Blight,Early_Blight
Early_Blight,Septoria_Leaf_Spot
Early_Blight,Early_Blight
Early_Blight,Early_Blight
Early_Blight,Early_Blight
Early_Blight,Early_Blight
Early_Blight,Early_Blight
Early_Blight,Early_Blight
Early_Blight,Early_Blight
Early_Blight,Early_Blight
Early_Blight,Early_Blight
Early_Blight,Early_Blight
Early_Blight,Early_Blight
Early_Blight,Early_Blight
Early_Blight,Early_Blight
Early_Blight,Early_Blight
Early_Blight,Early_Blight
Early_Blight,Early_Blight
Early_Blight,Early_Blight
Early_Blight,Early_Blight
Early_Blight,Early_Blight
Early_Blight,Early_Blight
Early_Blight,Early_Blight
Early_Blight,Early_Blight
Early_Blight,Early_Blight
Early_Blight,Early_Blight
Early_Blight,Early_Blight
Early_Blight,Early_Blight
Early_Blight,Early_Blight
Early_Blight,Early_Blight
Early_Blight,Early_Blight
Early_Blight,Early_Blight
Early_Blight,Early_Blight
Early_Blight,Early_Blight
Early_Blight,Early_Blight
Early_Blight,Early_Blight
Early_Blight,Early_Blight
Early_Blight,Early_Blight
Early_Blight,Early_Blight
Early_Blight,Early_Blight
Early_Blight,Early_Blight
Early_Blight,Early_Blight
Early_Blight,Early_Blight
Early_Blight,Early_Blight
Early_Blight,Early_Blight
Early_Blight,Early_Blight
Early_Blight,Target_Spot
Early_Blight,Early_Blight
Early_Blight,Early_Blight
Early_Blight,Early_Blight
Early_Blight,Early_Blight
Early_Blight,Early_Blight
Early_Blight,Early_Blight
Early_Blight,Early_Blight
Early_Blight,Early_Blight
Early_Blight,Early_Blight
Early_Blight,Early_Blight
Early_Blight,Early_Blight
Early_Blight,Early_Blight
Early_Blight,Early_Blight
Early_Blight,Early_Blight
Early_Blight,Early_Blight
Early_Blight,Early_Blight
Early_Blight,Early_Blight
Early_Blight,Early_Blight
Early_Blight,Early_Blight
Early_Blight,Early_Blight
Early_Blight,Early_Blight
Early_Blight,Early_Blight
Early_Blight,Early_Blight
Early_Blight,Early_Blight
Early_Blight,Early_Blight
Early_Blight,Early_Blight
Early_Blight,Early_Blight
Early_Blight,Early_Blight
Early_Blight,Early_Blight
Early_Blight,Early_Blight
Early_Blight,Early_Blight
Early_Blight,Early_Blight
Early_Blight,Early_Blight
Early_Blight,Early_Blight
Early_Blight,Early_Blight
Early_Blight,Early_Blight
Early_Blight,Early_Blight
Early_Blight,Early_Blight
Early_Blight,Early_Blight
Early_Blight,Early_Blight
Early_Blight,Early_Blight
Early_Blight,Early_Blight
Early_Blight,Early_Blight
Early_Blight,Early_Blight
Early_Blight,Early_Blight
Early_Blight,Early_Blight
Early_Blight,Early_Blight
Early_Blight,Early_Blight
Early_Blight,Early_Blight
Early_Blight,Early_Blight
Early_Blight,Early_Blight
Early_Blight,Early_Blight
Early_Blight,Early_Blight
Early_Blight,Early_Blight
Early_Blight,Early_Blight
Early_Blight,Early_Blight
Early_Blight,Early_Blight
Healthy,Healthy
Healthy,Healthy
Healthy,Healthy
Healthy,Healthy
Healthy,Healthy
Healthy,Healthy
Healthy,Healthy
Healthy,Healthy
Healthy,Healthy
Healthy,Healthy
Healthy,Healthy
Healthy,Healthy
Healthy,Healthy
Healthy,Healthy
Healthy,Healthy
Healthy,Healthy
Healthy,Healthy
Healthy,Healthy
Healthy,Healthy
Healthy,Healthy
Healthy,Healthy
Healthy,Healthy
Healthy,Healthy
Healthy,Healthy
Healthy,Healthy
Healthy,Healthy
Healthy,Healthy
Healthy,Healthy
Healthy,Healthy
Healthy,Healthy
Healthy,Healthy
Healthy,Healthy
Healthy,Healthy
Healthy,Healthy
Healthy,Healthy
Healthy,Healthy
Healthy,Healthy
Healthy,Healthy
Healthy,Healthy
Healthy,Healthy
Healthy,Healthy
Healthy,Healthy
Healthy,Healthy
Healthy,Healthy
Healthy,Healthy
Healthy,Healthy
Healthy,Healthy
Healthy,Healthy
Healthy,Healthy
Healthy,Healthy
Healthy,Healthy
Healthy,Healthy
Healthy,Healthy
Healthy,Healthy
Healthy,Healthy
Healthy,Healthy
Healthy,Healthy
Healthy,Healthy
Healthy,Healthy
Healthy,Healthy
Healthy,Healthy
Healthy,Healthy
Healthy,Healthy
Healthy,Healthy
Healthy,Healthy
Healthy,Healthy
Healthy,Healthy
Healthy,Healthy
Healthy,Healthy
Healthy,Healthy
Healthy,Healthy
Healthy,Healthy
Healthy,Healthy
Healthy,Healthy
Healthy,Healthy
Healthy,Healthy
Healthy,Healthy
Healthy,Healthy
Healthy,Healthy
Healthy,Healthy
Healthy,Healthy
Healthy,Healthy
Healthy,Healthy
Healthy,Healthy
Healthy,Healthy
Healthy,Healthy
Healthy,Healthy
Healthy,Healthy
Healthy,Healthy
Healthy,Healthy
Healthy,Healthy
Healthy,Healthy
Healthy,Healthy
Healthy,Healthy
Healthy,Healthy
Healthy,Healthy
Healthy,Healthy
Healthy,Healthy
Healthy,Healthy
Healthy,Healthy
Healthy,Healthy
Healthy,Healthy
Healthy,Healthy
Healthy,Healthy
Healthy,Healthy
Healthy,Healthy
Healthy,Healthy
Healthy,Healthy
Healthy,Healthy
Healthy,Healthy
Healthy,Healthy
Healthy,Healthy
Healthy,Healthy
Healthy,Healthy
Healthy,Healthy
Healthy,Healthy
Healthy,Healthy
Healthy,Healthy
Healthy,Healthy
Healthy,Healthy
Healthy,Healthy
Healthy,Healthy
Healthy,Healthy
Healthy,Healthy
Healthy,Healthy
Healthy,Healthy
Healthy,Healthy
Healthy,Healthy
Healthy,Healthy
Healthy,Healthy
Healthy,Healthy
Healthy,Healthy
Healthy,Healthy
Healthy,Healthy
Healthy,Healthy
Healthy,Healthy
Healthy,Healthy
Healthy,Healthy
Healthy,Healthy
Healthy,Healthy
Healthy,Healthy
Healthy,Healthy
Healthy,Healthy
Healthy,Healthy
Healthy,Healthy
Healthy,Healthy
Healthy,Healthy
Healthy,Healthy
Healthy,Healthy
Healthy,Healthy
Healthy,Healthy
Healthy,Healthy
Healthy,Healthy
Healthy,Healthy
Healthy,Healthy
Healthy,Healthy
Healthy,Healthy
Healthy,Healthy
Healthy,Healthy
Healthy,Healthy
Healthy,Healthy
Healthy,Healthy
Healthy,Healthy
Healthy,Healthy
Healthy,Healthy
Healthy,Healthy
Healthy,Healthy
Healthy,Healthy
Healthy,Healthy
Healthy,Healthy
Healthy,Healthy
Healthy,Healthy
Healthy,Healthy
Healthy,Healthy
Healthy,Healthy
Healthy,Healthy
Healthy,Healthy
Healthy,Healthy
Healthy,Healthy
Healthy,Healthy
Healthy,Healthy
Healthy,Healthy
Healthy,Healthy
Healthy,Healthy
Healthy,Healthy
Healthy,Healthy
Healthy,Healthy
Healthy,Healthy
Healthy,Healthy
Healthy,Healthy
Healthy,Healthy
Healthy,Healthy
Healthy,Healthy
Healthy,Healthy
Healthy,Healthy
Healthy,Healthy
Healthy,Healthy
Healthy,Healthy
Healthy,Healthy
Healthy,Healthy
Healthy,Healthy
Healthy,Healthy
Healthy,Healthy
Healthy,Healthy
Healthy,Healthy
Healthy,Healthy
Healthy,Healthy
Healthy,Healthy
Healthy,Healthy
Healthy,Healthy
Healthy,Healthy
Healthy,Healthy
Healthy,Healthy
Healthy,Healthy
Healthy,Healthy
Healthy,Healthy
Healthy,Healthy
Healthy,Healthy
Healthy,Healthy
Healthy,Healthy
Healthy,Healthy
Healthy,Healthy
Healthy,Healthy
Healthy,Healthy
Healthy,Healthy
Healthy,Healthy
Healthy,Healthy
Healthy,Healthy
Healthy,Healthy
Healthy,Healthy
Healthy,Healthy
Healthy,Healthy
Healthy,Healthy
Healthy,Healthy
Healthy,Healthy
Healthy,Healthy
Healthy,Healthy
Healthy,Healthy
Healthy,Healthy
Healthy,Healthy
Healthy,Healthy
Healthy,Healthy
Healthy,Healthy
Healthy,Healthy
Healthy,Healthy
Healthy,Healthy
Healthy,Healthy
Healthy,Healthy
Healthy,Healthy
Healthy,Healthy
Healthy,Healthy
Healthy,Healthy
Healthy,Healthy
Healthy,Healthy
Healthy,Healthy
Healthy,Healthy
Healthy,Healthy
Healthy,Healthy
Healthy,Healthy
Healthy,Healthy
Healthy,Healthy
Healthy,Healthy
Healthy,Healthy
Healthy,Healthy
Healthy,Healthy
Healthy,Healthy
Healthy,Healthy
Healthy,Healthy
Healthy,Healthy
Healthy,Healthy
Healthy,Healthy
Healthy,Healthy
Healthy,Healthy
Healthy,Healthy
Healthy,Healthy
Healthy,Healthy
Healthy,Healthy
Healthy,Healthy
Healthy,Healthy
Healthy,Healthy
Healthy,Healthy
Healthy,Healthy
Healthy,Healthy
Healthy,Healthy
Healthy,Healthy
Healthy,Healthy
Healthy,Healthy
Healthy,Healthy
Healthy,Healthy
Healthy,Healthy
Healthy,Healthy
Healthy,Healthy
Healthy,Healthy
Healthy,Healthy
Healthy,Healthy
Healthy,Healthy
Healthy,Healthy
Healthy,Healthy
Healthy,Healthy
Healthy,Healthy
Healthy,Healthy
Healthy,Healthy
Healthy,Healthy
Healthy,Healthy
Healthy,Healthy
Healthy,Healthy
Healthy,Healthy
Healthy,Target_Spot
Healthy,Healthy
Healthy,Healthy
Healthy,Healthy
Healthy,Healthy
Healthy,Healthy
Healthy,Healthy
Healthy,Healthy
Healthy,Healthy
Healthy,Healthy
Healthy,Healthy
Late_Blight,Late_Blight
Late_Blight,Late_Blight
Late_Blight,Late_Blight
Late_Blight,Late_Blight
Late_Blight,Late_Blight
Late_Blight,Late_Blight
Late_Blight,Late_Blight
Late_Blight,Late_Blight
Late_Blight,Late_Blight
Late_Blight,Late_Blight
Late_Blight,Late_Blight
Late_Blight,Late_Blight
Late_Blight,Late_Blight
Late_Blight,Late_Blight
Late_Blight,Late_Blight
Late_Blight,Late_Blight
Late_Blight,Late_Blight
Late_Blight,Early_Blight
Late_Blight,Early_Blight
Late_Blight,Late_Blight
Late_Blight,Late_Blight
Late_Blight,Late_Blight
Late_Blight,Late_Blight
Late_Blight,Late_Blight
Late_Blight,Late_Blight
Late_Blight,Late_Blight
Late_Blight,Late_Blight
Late_Blight,Late_Blight
Late_Blight,Late_Blight
Late_Blight,Late_Blight
Late_Blight,Late_Blight
Late_Blight,Late_Blight
Late_Blight,Late_Blight
Late_Blight,Late_Blight
Late_Blight,Early_Blight
Late_Blight,Late_Blight
Late_Blight,Late_Blight
Late_Blight,Late_Blight
Late_Blight,Late_Blight
Late_Blight,Late_Blight
Late_Blight,Late_Blight
Late_Blight,Late_Blight
Late_Blight,Late_Blight
Late_Blight,Late_Blight
Late_Blight,Late_Blight
Late_Blight,Late_Blight
Late_Blight,Late_Blight
Late_Blight,Late_Blight
Late_Blight,Late_Blight
Late_Blight,Late_Blight
Late_Blight,Late_Blight
Late_Blight,Late_Blight
Late_Blight,Late_Blight
Late_Blight,Late_Blight
Late_Blight,Late_Blight
Late_Blight,Late_Blight
Late_Blight,Late_Blight
Late_Blight,Late_Blight
Late_Blight,Late_Blight
Late_Blight,Late_Blight
Late_Blight,Late_Blight
Late_Blight,Late_Blight
Late_Blight,Late_Blight
Late_Blight,Late_Blight
Late_Blight,Late_Blight
Late_Blight,Late_Blight
Late_Blight,Late_Blight
Late_Blight,Late_Blight
Late_Blight,Late_Blight
Late_Blight,Late_Blight
Late_Blight,Late_Blight
Late_Blight,Late_Blight
Late_Blight,Late_Blight
Late_Blight,Late_Blight
Late_Blight,Late_Blight
Late_Blight,Late_Blight
Late_Blight,Late_Blight
Late_Blight,Healthy
Late_Blight,Late_Blight
Late_Blight,Late_Blight
Late_Blight,Late_Blight
Late_Blight,Late_Blight
Late_Blight,Late_Blight
Late_Blight,Late_Blight
Late_Blight,Late_Blight
Late_Blight,Late_Blight
Late_Blight,Late_Blight
Late_Blight,Early_Blight
Late_Blight,Late_Blight
Late_Blight,Late_Blight
Late_Blight,Late_Blight
Late_Blight,Late_Blight
Late_Blight,Late_Blight
Late_Blight,Late_Blight
Late_Blight,Late_Blight
Late_Blight,Late_Blight
Late_Blight,Late_Blight
Late_Blight,Healthy
Late_Blight,Early_Blight
Late_Blight,Late_Blight
Late_Blight,Late_Blight
Late_Blight,Late_Blight
Late_Blight,Late_Blight
Late_Blight,Late_Blight
Late_Blight,Late_Blight
Late_Blight,Late_Blight
Late_Blight,Late_Blight
Late_Blight,Late_Blight
Late_Blight,Late_Blight
Late_Blight,Late_Blight
Late_Blight,Late_Blight
Late_Blight,Late_Blight
Late_Blight,Late_Blight
Late_Blight,Late_Blight
Late_Blight,Late_Blight
Late_Blight,Late_Blight
Late_Blight,Late_Blight
Late_Blight,Late_Blight
Late_Blight,Late_Blight
Late_Blight,Late_Blight
Late_Blight,Late_Blight
Late_Blight,Late_Blight
Late_Blight,Late_Blight
Late_Blight,Late_Blight
Late_Blight,Late_Blight
Late_Blight,Late_Blight
Late_Blight,Early_Blight
Late_Blight,Late_Blight
Late_Blight,Late_Blight
Late_Blight,Late_Blight
Late_Blight,Late_Blight
Late_Blight,Late_Blight
Late_Blight,Late_Blight
Late_Blight,Late_Blight
Late_Blight,Late_Blight
Late_Blight,Late_Blight
Late_Blight,Late_Blight
Late_Blight,Late_Blight
Late_Blight,Late_Blight
Late_Blight,Late_Blight
Late_Blight,Late_Blight
Late_Blight,Late_Blight
Late_Blight,Late_Blight
Late_Blight,Late_Blight
Late_Blight,Late_Blight
Late_Blight,Target_Spot
Late_Blight,Late_Blight
Late_Blight,Late_Blight
Late_Blight,Late_Blight
Late_Blight,Late_Blight
Late_Blight,Late_Blight
Late_Blight,Late_Blight
Late_Blight,Late_Blight
Late_Blight,Late_Blight
Late_Blight,Late_Blight
Late_Blight,Late_Blight
Late_Blight,Late_Blight
Late_Blight,Late_Blight
Late_Blight,Late_Blight
Late_Blight,Late_Blight
Late_Blight,Late_Blight
Late_Blight,Yellow_Leaf_Curl_Virus
Late_Blight,Early_Blight
Late_Blight,Late_Blight
Late_Blight,Late_Blight
Late_Blight,Late_Blight
Late_Blight,Late_Blight
Late_Blight,Late_Blight
Late_Blight,Late_Blight
Late_Blight,Late_Blight
Late_Blight,Late_Blight
Late_Blight,Late_Blight
Late_Blight,Late_Blight
Late_Blight,Late_Blight
Late_Blight,Late_Blight
Late_Blight,Late_Blight
Late_Blight,Late_Blight
Late_Blight,Late_Blight
Late_Blight,Late_Blight
Late_Blight,Late_Blight
Late_Blight,Late_Blight
Late_Blight,Late_Blight
Late_Blight,Late_Blight
Late_Blight,Late_Blight
Late_Blight,Late_Blight
Late_Blight,Late_Blight
Late_Blight,Late_Blight
Late_Blight,Late_Blight
Late_Blight,Late_Blight
Late_Blight,Late_Blight
Late_Blight,Late_Blight
Late_Blight,Late_Blight
Late_Blight,Late_Blight
Late_Blight,Late_Blight
Late_Blight,Late_Blight
Late_Blight,Late_Blight
Late_Blight,Late_Blight
Late_Blight,Late_Blight
Late_Blight,Late_Blight
Late_Blight,Late_Blight
Late_Blight,Late_Blight
Late_Blight,Late_Blight
Late_Blight,Late_Blight
Late_Blight,Late_Blight
Late_Blight,Late_Blight
Late_Blight,Late_Blight
Late_Blight,Late_Blight
Late_Blight,Late_Blight
Late_Blight,Late_Blight
Late_Blight,Late_Blight
Late_Blight,Late_Blight
Late_Blight,Late_Blight
Late_Blight,Late_Blight
Late_Blight,Late_Blight
Late_Blight,Late_Blight
Late_Blight,Late_Blight
Late_Blight,Late_Blight
Late_Blight,Late_Blight
Late_Blight,Early_Blight
Late_Blight,Late_Blight
Late_Blight,Late_Blight
Late_Blight,Late_Blight
Late_Blight,Late_Blight
Late_Blight,Late_Blight
Late_Blight,Late_Blight
Late_Blight,Late_Blight
Late_Blight,Late_Blight
Late_Blight,Late_Blight
Late_Blight,Early_Blight
Late_Blight,Late_Blight
Late_Blight,Late_Blight
Late_Blight,Late_Blight
Late_Blight,Late_Blight
Late_Blight,Late_Blight
Late_Blight,Late_Blight
Late_Blight,Late_Blight
Late_Blight,Late_Blight
Late_Blight,Late_Blight
Late_Blight,Late_Blight
Late_Blight,Late_Blight
Late_Blight,Late_Blight
Late_Blight,Late_Blight
Late_Blight,Late_Blight
Late_Blight,Late_Blight
Late_Blight,Late_Blight
Late_Blight,Late_Blight
Late_Blight,Late_Blight
Late_Blight,Late_Blight
Late_Blight,Late_Blight
Late_Blight,Late_Blight
Late_Blight,Late_Blight
Late_Blight,Late_Blight
Late_Blight,Late_Blight
Late_Blight,Late_Blight
Late_Blight,Late_Blight
Late_Blight,Late_Blight
Late_Blight,Late_Blight
Late_Blight,Late_Blight
Late_Blight,Late_Blight
Late_Blight,Late_Blight
Late_Blight,Late_Blight
Late_Blight,Late_Blight
Late_Blight,Late_Blight
Late_Blight,Late_Blight
Late_Blight,Late_Blight
Late_Blight,Late_Blight
Late_Blight,Late_Blight
Late_Blight,Late_Blight
Late_Blight,Late_Blight
Late_Blight,Late_Blight
Late_Blight,Late_Blight
Late_Blight,Late_Blight
Late_Blight,Late_Blight
Late_Blight,Late_Blight
Late_Blight,Late_Blight
Late_Blight,Late_Blight
Late_Blight,Late_Blight
Late_Blight,Late_Blight
Late_Blight,Late_Blight
Late_Blight,Late_Blight
Late_Blight,Late_Blight
Late_Blight,Late_Blight
Late_Blight,Late_Blight
Late_Blight,Late_Blight
Late_Blight,Late_Blight
Late_Blight,Late_Blight
Late_Blight,Late_Blight
Late_Blight,Late_Blight
Late_Blight,Late_Blight
Late_Blight,Late_Blight
Late_Blight,Late_Blight
Late_Blight,Late_Blight
Late_Blight,Late_Blight
Late_Blight,Late_Blight
Late_Blight,Late_Blight
Late_Blight,Late_Blight
Late_Blight,Late_Blight
Late_Blight,Early_Blight
Late_Blight,Late_Blight
Late_Blight,Late_Blight
Late_Blight,Late_Blight
Late_Blight,Late_Blight
Late_Blight,Late_Blight
Late_Blight,Late_Blight
Late_Blight,Late_Blight
Late_Blight,Late_Blight
Late_Blight,Late_Blight
Late_Blight,Late_Blight
Late_Blight,Late_Blight
Late_Blight,Late_Blight
Late_Blight,Late_Blight
Late_Blight,Late_Blight
Late_Blight,Late_Blight
Late_Blight,Late_Blight
Late_Blight,Late_Blight
Late_Blight,Late_Blight
Late_Blight,Late_Blight
Late_Blight,Late_Blight
Late_Blight,Late_Blight
Late_Blight,Late_Blight
Late_Blight,Late_Blight
Late_Blight,Late_Blight
Late_Blight,Late_Blight
Late_Blight,Late_Blight
Late_Blight,Late_Blight
Late_Blight,Late_Blight
Late_Blight,Late_Blight
Late_Blight,Late_Blight
Late_Blight,Late_Blight
Late_Blight,Late_Blight
Late_Blight,Late_Blight
Late_Blight,Late_Blight
Late_Blight,Late_Blight
Late_Blight,Early_Blight
Late_Blight,Late_Blight
Late_Blight,Late_Blight
Late_Blight,Late_Blight
Late_Blight,Late_Blight
Late_Blight,Late_Blight
Late_Blight,Late_Blight
Late_Blight,Late_Blight
Late_Blight,Early_Blight
Late_Blight,Late_Blight
Late_Blight,Late_Blight
Late_Blight,Late_Blight
Late_Blight,Late_Blight
Late_Blight,Late_Blight
Late_Blight,Late_Blight
Late_Blight,Late_Blight
Late_Blight,Late_Blight
Late_Blight,Late_Blight
Late_Blight,Late_Blight
Late_Blight,Late_Blight
Late_Blight,Late_Blight
Late_Blight,Late_Blight
Late_Blight,Late_Blight
Late_Blight,Late_Blight
Late_Blight,Early_Blight
Late_Blight,Late_Blight
Late_Blight,Late_Blight
Late_Blight,Late_Blight
Late_Blight,Late_Blight
Late_Blight,Late_Blight
Late_Blight,Late_Blight
Late_Blight,Late_Blight
Late_Blight,Late_Blight
Late_Blight,Late_Blight
Late_Blight,Late_Blight
Late_Blight,Late_Blight
Late_Blight,Late_Blight
Late_Blight,Late_Blight
Late_Blight,Late_Blight
Late_Blight,Late_Blight
Late_Blight,Late_Blight
Late_Blight,Late_Blight
Late_Blight,Late_Blight
Late_Blight,Late_Blight
Late_Blight,Late_Blight
Late_Blight,Late_Blight
Late_Blight,Late_Blight
Late_Blight,Late_Blight
Leaf_Mold,Leaf_Mold
Leaf_Mold,Leaf_Mold
Leaf_Mold,Leaf_Mold
Leaf_Mold,Leaf_Mold
Leaf_Mold,Leaf_Mold
Leaf_Mold,Leaf_Mold
Leaf_Mold,Leaf_Mold
Leaf_Mold,Leaf_Mold
Leaf_Mold,Leaf_Mold
Leaf_Mold,Leaf_Mold
Leaf_Mold,Leaf_Mold
Leaf_Mold,Leaf_Mold
Leaf_Mold,Leaf_Mold
Leaf_Mold,Leaf_Mold
Leaf_Mold,Two_Spotted_Spider_Mite
Leaf_Mold,Leaf_Mold
Leaf_Mold,Leaf_Mold
Leaf_Mold,Leaf_Mold
Leaf_Mold,Leaf_Mold
Leaf_Mold,Leaf_Mold
Leaf_Mold,Leaf_Mold
Leaf_Mold,Leaf_Mold
Leaf_Mold,Leaf_Mold
Leaf_Mold,Leaf_Mold
Leaf_Mold,Leaf_Mold
Leaf_Mold,Leaf_Mold
Leaf_Mold,Leaf_Mold
Leaf_Mold,Leaf_Mold
Leaf_Mold,Leaf_Mold
Leaf_Mold,Leaf_Mold
Leaf_Mold,Leaf_Mold
Leaf_Mold,Leaf_Mold
Leaf_Mold,Leaf_Mold
Leaf_Mold,Leaf_Mold
Leaf_Mold,Leaf_Mold
Leaf_Mold,Leaf_Mold
Leaf_Mold,Leaf_Mold
Leaf_Mold,Leaf_Mold
Leaf_Mold,Leaf_Mold
Leaf_Mold,Leaf_Mold
Leaf_Mold,Leaf_Mold
Leaf_Mold,Leaf_Mold
Leaf_Mold,Leaf_Mold
Leaf_Mold,Leaf_Mold
Leaf_Mold,Leaf_Mold
Leaf_Mold,Leaf_Mold
Leaf_Mold,Leaf_Mold
Leaf_Mold,Leaf_Mold
Leaf_Mold,Leaf_Mold
Leaf_Mold,Leaf_Mold
Leaf_Mold,Leaf_Mold
Leaf_Mold,Leaf_Mold
Leaf_Mold,Leaf_Mold
Leaf_Mold,Leaf_Mold
Leaf_Mold,Leaf_Mold
Leaf_Mold,Leaf_Mold
Leaf_Mold,Leaf_Mold
Leaf_Mold,Leaf_Mold
Leaf_Mold,Leaf_Mold
Leaf_Mold,Leaf_Mold
Leaf_Mold,Leaf_Mold
Leaf_Mold,Leaf_Mold
Leaf_Mold,Leaf_Mold
Leaf_Mold,Leaf_Mold
Leaf_Mold,Leaf_Mold
Leaf_Mold,Leaf_Mold
Leaf_Mold,Leaf_Mold
Leaf_Mold,Leaf_Mold
Leaf_Mold,Leaf_Mold
Leaf_Mold,Leaf_Mold
Leaf_Mold,Leaf_Mold
Leaf_Mold,Leaf_Mold
Leaf_Mold,Leaf_Mold
Leaf_Mold,Leaf_Mold
Leaf_Mold,Leaf_Mold
Leaf_Mold,Septoria_Leaf_Spot
Leaf_Mold,Leaf_Mold
Leaf_Mold,Leaf_Mold
Leaf_Mold,Leaf_Mold
Leaf_Mold,Leaf_Mold
Leaf_Mold,Leaf_Mold
Leaf_Mold,Leaf_Mold
Leaf_Mold,Leaf_Mold
Leaf_Mold,Leaf_Mold
Leaf_Mold,Leaf_Mold
Leaf_Mold,Leaf_Mold
Leaf_Mold,Leaf_Mold
Leaf_Mold,Leaf_Mold
Leaf_Mold,Leaf_Mold
Leaf_Mold,Leaf_Mold
Leaf_Mold,Leaf_Mold
Leaf_Mold,Leaf_Mold
Leaf_Mold,Leaf_Mold
Leaf_Mold,Leaf_Mold
Leaf_Mold,Leaf_Mold
Leaf_Mold,Leaf_Mold
Leaf_Mold,Leaf_Mold
Leaf_Mold,Leaf_Mold
Leaf_Mold,Leaf_Mold
Leaf_Mold,Leaf_Mold
Leaf_Mold,Leaf_Mold
Leaf_Mold,Leaf_Mold
Leaf_Mold,Leaf_Mold
Leaf_Mold,Leaf_Mold
Leaf_Mold,Leaf_Mold
Leaf_Mold,Leaf_Mold
Leaf_Mold,Leaf_Mold
Leaf_Mold,Leaf_Mold
Leaf_Mold,Leaf_Mold
Leaf_Mold,Leaf_Mold
Leaf_Mold,Leaf_Mold
Leaf_Mold,Leaf_Mold
Leaf_Mold,Two_Spotted_Spider_Mite
Leaf_Mold,Two_Spotted_Spider_Mite
Leaf_Mold,Leaf_Mold
Leaf_Mold,Leaf_Mold
Leaf_Mold,Leaf_Mold
Leaf_Mold,Leaf_Mold
Leaf_Mold,Leaf_Mold
Leaf_Mold,Leaf_Mold
Leaf_Mold,Leaf_Mold
Leaf_Mold,Leaf_Mold
Leaf_Mold,Leaf_Mold
Leaf_Mold,Leaf_Mold
Leaf_Mold,Leaf_Mold
Leaf_Mold,Leaf_Mold
Leaf_Mold,Leaf_Mold
Leaf_Mold,Leaf_Mold
Leaf_Mold,Leaf_Mold
Leaf_Mold,Leaf_Mold
Leaf_Mold,Leaf_Mold
Leaf_Mold,Leaf_Mold
Leaf_Mold,Leaf_Mold
Leaf_Mold,Leaf_Mold
Leaf_Mold,Leaf_Mold
Leaf_Mold,Leaf_Mold
Leaf_Mold,Leaf_Mold
Leaf_Mold,Leaf_Mold
Leaf_Mold,Leaf_Mold
Leaf_Mold,Leaf_Mold
Leaf_Mold,Leaf_Mold
Leaf_Mold,Leaf_Mold
Leaf_Mold,Leaf_Mold
Leaf_Mold,Leaf_Mold
Leaf_Mold,Leaf_Mold
Leaf_Mold,Leaf_Mold
Leaf_Mold,Leaf_Mold
Leaf_Mold,Leaf_Mold
Leaf_Mold,Leaf_Mold
Leaf_Mold,Leaf_Mold
Leaf_Mold,Leaf_Mold
Leaf_Mold,Leaf_Mold
Leaf_Mold,Leaf_Mold
Leaf_Mold,Leaf_Mold
Leaf_Mold,Leaf_Mold
Leaf_Mold,Late_Blight
Leaf_Mold,Leaf_Mold
Leaf_Mold,Septoria_Leaf_Spot
Leaf_Mold,Leaf_Mold
Leaf_Mold,Leaf_Mold
Leaf_Mold,Leaf_Mold
Leaf_Mold,Leaf_Mold
Leaf_Mold,Leaf_Mold
Leaf_Mold,Leaf_Mold
Leaf_Mold,Leaf_Mold
Leaf_Mold,Leaf_Mold
Leaf_Mold,Leaf_Mold
Leaf_Mold,Leaf_Mold
Leaf_Mold,Leaf_Mold
Leaf_Mold,Leaf_Mold
Leaf_Mold,Leaf_Mold
Leaf_Mold,Leaf_Mold
Leaf_Mold,Leaf_Mold
Leaf_Mold,Mosaic_Virus
Leaf_Mold,Leaf_Mold
Leaf_Mold,Leaf_Mold
Leaf_Mold,Leaf_Mold
Leaf_Mold,Leaf_Mold
Leaf_Mold,Leaf_Mold
Leaf_Mold,Leaf_Mold
Leaf_Mold,Late_Blight
Leaf_Mold,Leaf_Mold
Leaf_Mold,Late_Blight
Leaf_Mold,Early_Blight
Leaf_Mold,Leaf_Mold
Leaf_Mold,Leaf_Mold
Leaf_Mold,Leaf_Mold
Leaf_Mold,Leaf_Mold
Leaf_Mold,Leaf_Mold
Leaf_Mold,Leaf_Mold
Leaf_Mold,Leaf_Mold
Leaf_Mold,Leaf_Mold
Leaf_Mold,Leaf_Mold
Leaf_Mold,Leaf_Mold
Leaf_Mold,Septoria_Leaf_Spot
Leaf_Mold,Leaf_Mold
Leaf_Mold,Early_Blight
Leaf_Mold,Leaf_Mold
Leaf_Mold,Septoria_Leaf_Spot
Leaf_Mold,Leaf_Mold
Mosaic_Virus,Mosaic_Virus
Mosaic_Virus,Mosaic_Virus
Mosaic_Virus,Mosaic_Virus
Mosaic_Virus,Mosaic_Virus
Mosaic_Virus,Mosaic_Virus
Mosaic_Virus,Mosaic_Virus
Mosaic_Virus,Mosaic_Virus
Mosaic_Virus,Mosaic_Virus
Mosaic_Virus,Mosaic_Virus
Mosaic_Virus,Mosaic_Virus
Mosaic_Virus,Mosaic_Virus
Mosaic_Virus,Mosaic_Virus
Mosaic_Virus,Mosaic_Virus
Mosaic_Virus,Mosaic_Virus
Mosaic_Virus,Mosaic_Virus
Mosaic_Virus,Mosaic_Virus
Mosaic_Virus,Mosaic_Virus
Mosaic_Virus,Mosaic_Virus
Mosaic_Virus,Mosaic_Virus
Mosaic_Virus,Mosaic_Virus
Mosaic_Virus,Mosaic_Virus
Mosaic_Virus,Mosaic_Virus
Mosaic_Virus,Mosaic_Virus
Mosaic_Virus,Mosaic_Virus
Mosaic_Virus,Mosaic_Virus
Mosaic_Virus,Mosaic_Virus
Mosaic_Virus,Mosaic_Virus
Mosaic_Virus,Mosaic_Virus
Mosaic_Virus,Mosaic_Virus
Mosaic_Virus,Mosaic_Virus
Mosaic_Virus,Mosaic_Virus
Mosaic_Virus,Mosaic_Virus
Mosaic_Virus,Mosaic_Virus
Mosaic_Virus,Mosaic_Virus
Mosaic_Virus,Mosaic_Virus
Mosaic_Virus,Mosaic_Virus
Mosaic_Virus,Mosaic_Virus
Mosaic_Virus,Mosaic_Virus
Mosaic_Virus,Mosaic_Virus
Mosaic_Virus,Mosaic_Virus
Mosaic_Virus,Mosaic_Virus
Mosaic_Virus,Mosaic_Virus
Mosaic_Virus,Mosaic_Virus
Mosaic_Virus,Mosaic_Virus
Mosaic_Virus,Mosaic_Virus
Mosaic_Virus,Mosaic_Virus
Mosaic_Virus,Mosaic_Virus
Mosaic_Virus,Mosaic_Virus
Mosaic_Virus,Mosaic_Virus
Mosaic_Virus,Mosaic_Virus
Mosaic_Virus,Mosaic_Virus
Mosaic_Virus,Mosaic_Virus
Mosaic_Virus,Mosaic_Virus
Mosaic_Virus,Mosaic_Virus
Mosaic_Virus,Mosaic_Virus
Mosaic_Virus,Mosaic_Virus
Mosaic_Virus,Mosaic_Virus
Mosaic_Virus,Mosaic_Virus
Mosaic_Virus,Mosaic_Virus
Mosaic_Virus,Mosaic_Virus
Mosaic_Virus,Mosaic_Virus
Mosaic_Virus,Mosaic_Virus
Mosaic_Virus,Mosaic_Virus
Mosaic_Virus,Mosaic_Virus
Mosaic_Virus,Mosaic_Virus
Mosaic_Virus,Mosaic_Virus
Mosaic_Virus,Mosaic_Virus
Mosaic_Virus,Mosaic_Virus
Mosaic_Virus,Mosaic_Virus
Mosaic_Virus,Mosaic_Virus
Mosaic_Virus,Mosaic_Virus
Mosaic_Virus,Mosaic_Virus
Mosaic_Virus,Mosaic_Virus
Mosaic_Virus,Mosaic_Virus
Mosaic_Virus,Mosaic_Virus
Mosaic_Virus,Mosaic_Virus
Mosaic_Virus,Mosaic_Virus
Mosaic_Virus,Mosaic_Virus
Mosaic_Virus,Mosaic_Virus
Mosaic_Virus,Mosaic_Virus
Mosaic_Virus,Mosaic_Virus
Mosaic_Virus,Mosaic_Virus
Mosaic_Virus,Mosaic_Virus
Mosaic_Virus,Mosaic_Virus
Mosaic_Virus,Mosaic_Virus
Mosaic_Virus,Mosaic_Virus
Mosaic_Virus,Mosaic_Virus
Mosaic_Virus,Mosaic_Virus
Mosaic_Virus,Mosaic_Virus
Mosaic_Virus,Mosaic_Virus
Mosaic_Virus,Mosaic_Virus
Mosaic_Virus,Mosaic_Virus
Mosaic_Virus,Mosaic_Virus
Mosaic_Virus,Mosaic_Virus
Mosaic_Virus,Mosaic_Virus
Mosaic_Virus,Mosaic_Virus
Mosaic_Virus,Mosaic_Virus
Mosaic_Virus,Mosaic_Virus
Mosaic_Virus,Mosaic_Virus
Mosaic_Virus,Mosaic_Virus
Mosaic_Virus,Mosaic_Virus
Mosaic_Virus,Mosaic_Virus
Mosaic_Virus,Mosaic_Virus
Mosaic_Virus,Mosaic_Virus
Mosaic_Virus,Mosaic_Virus
Mosaic_Virus,Mosaic_Virus
Mosaic_Virus,Mosaic_Virus
Mosaic_Virus,Mosaic_Virus
Mosaic_Virus,Mosaic_Virus
Mosaic_Virus,Mosaic_Virus
Mosaic_Virus,Mosaic_Virus
Mosaic_Virus,Mosaic_Virus
Mosaic_Virus,Mosaic_Virus
Mosaic_Virus,Mosaic_Virus
Mosaic_Virus,Mosaic_Virus
Mosaic_Virus,Mosaic_Virus
Mosaic_Virus,Mosaic_Virus
Mosaic_Virus,Mosaic_Virus
Mosaic_Virus,Mosaic_Virus
Mosaic_Virus,Mosaic_Virus
Mosaic_Virus,Mosaic_Virus
Mosaic_Virus,Mosaic_Virus
Mosaic_Virus,Mosaic_Virus
Mosaic_Virus,Mosaic_Virus
Mosaic_Virus,Mosaic_Virus
Mosaic_Virus,Mosaic_Virus
Mosaic_Virus,Mosaic_Virus
Mosaic_Virus,Mosaic_Virus
Mosaic_Virus,Mosaic_Virus
Mosaic_Virus,Mosaic_Virus
Mosaic_Virus,Mosaic_Virus
Mosaic_Virus,Mosaic_Virus
Mosaic_Virus,Mosaic_Virus
Mosaic_Virus,Mosaic_Virus
Mosaic_Virus,Mosaic_Virus
Mosaic_Virus,Mosaic_Virus
Mosaic_Virus,Mosaic_Virus
Mosaic_Virus,Mosaic_Virus
Mosaic_Virus,Mosaic_Virus
Mosaic_Virus,Mosaic_Virus
Mosaic_Virus,Mosaic_Virus
Mosaic_Virus,Mosaic_Virus
Mosaic_Virus,Mosaic_Virus
Mosaic_Virus,Mosaic_Virus
Mosaic_Virus,Mosaic_Virus
Mosaic_Virus,Mosaic_Virus
Mosaic_Virus,Mosaic_Virus
Mosaic_Virus,Mosaic_Virus
Mosaic_Virus,Mosaic_Virus
Mosaic_Virus,Mosaic_Virus
Mosaic_Virus,Mosaic_Virus
Mosaic_Virus,Mosaic_Virus
Mosaic_Virus,Mosaic_Virus
Mosaic_Virus,Mosaic_Virus
Mosaic_Virus,Mosaic_Virus
Mosaic_Virus,Mosaic_Virus
Mosaic_Virus,Mosaic_Virus
Mosaic_Virus,Mosaic_Virus
Mosaic_Virus,Mosaic_Virus
Mosaic_Virus,Mosaic_Virus
Mosaic_Virus,Mosaic_Virus
Mosaic_Virus,Mosaic_Virus
Mosaic_Virus,Mosaic_Virus
Mosaic_Virus,Mosaic_Virus
Mosaic_Virus,Mosaic_Virus
Mosaic_Virus,Mosaic_Virus
Mosaic_Virus,Mosaic_Virus
Mosaic_Virus,Mosaic_Virus
Mosaic_Virus,Mosaic_Virus
Mosaic_Virus,Mosaic_Virus
Mosaic_Virus,Mosaic_Virus
Mosaic_Virus,Mosaic_Virus
Mosaic_Virus,Mosaic_Virus
Mosaic_Virus,Mosaic_Virus
Mosaic_Virus,Mosaic_Virus
Mosaic_Virus,Mosaic_Virus
Mosaic_Virus,Mosaic_Virus
Mosaic_Virus,Mosaic_Virus
Mosaic_Virus,Mosaic_Virus
Mosaic_Virus,Mosaic_Virus
Mosaic_Virus,Mosaic_Virus
Mosaic_Virus,Mosaic_Virus
Mosaic_Virus,Mosaic_Virus
Mosaic_Virus,Mosaic_Virus
Mosaic_Virus,Mosaic_Virus
Mosaic_Virus,Mosaic_Virus
Mosaic_Virus,Mosaic_Virus
Mosaic_Virus,Mosaic_Virus
Mosaic_Virus,Mosaic_Virus
Mosaic_Virus,Mosaic_Virus
Mosaic_Virus,Mosaic_Virus
Mosaic_Virus,Mosaic_Virus
Mosaic_Virus,Mosaic_Virus
Mosaic_Virus,Mosaic_Virus
Mosaic_Virus,Mosaic_Virus
Mosaic_Virus,Mosaic_Virus
Mosaic_Virus,Mosaic_Virus
Mosaic_Virus,Mosaic_Virus
Mosaic_Virus,Mosaic_Virus
Mosaic_Virus,Mosaic_Virus
Septoria_Leaf_Spot,Septoria_Leaf_Spot
Septoria_Leaf_Spot,Septoria_Leaf_Spot
Septoria_Leaf_Spot,Septoria_Leaf_Spot
Septoria_Leaf_Spot,Septoria_Leaf_Spot
Septoria_Leaf_Spot,Septoria_Leaf_Spot
Septoria_Leaf_Spot,Septoria_Leaf_Spot
Septoria_Leaf_Spot,Septoria_Leaf_Spot
Septoria_Leaf_Spot,Septoria_Leaf_Spot
Septoria_Leaf_Spot,Septoria_Leaf_Spot
Septoria_Leaf_Spot,Septoria_Leaf_Spot
Septoria_Leaf_Spot,Septoria_Leaf_Spot
Septoria_Leaf_Spot,Septoria_Leaf_Spot
Septoria_Leaf_Spot,Septoria_Leaf_Spot
Septoria_Leaf_Spot,Bacterial_Spot
Septoria_Leaf_Spot,Septoria_Leaf_Spot
Septoria_Leaf_Spot,Septoria_Leaf_Spot
Septoria_Leaf_Spot,Septoria_Leaf_Spot
Septoria_Leaf_Spot,Septoria_Leaf_Spot
Septoria_Leaf_Spot,Septoria_Leaf_Spot
Septoria_Leaf_Spot,Septoria_Leaf_Spot
Septoria_Leaf_Spot,Septoria_Leaf_Spot
Septoria_Leaf_Spot,Septoria_Leaf_Spot
Septoria_Leaf_Spot,Septoria_Leaf_Spot
Septoria_Leaf_Spot,Septoria_Leaf_Spot
Septoria_Leaf_Spot,Septoria_Leaf_Spot
Septoria_Leaf_Spot,Septoria_Leaf_Spot
Septoria_Leaf_Spot,Septoria_Leaf_Spot
Septoria_Leaf_Spot,Septoria_Leaf_Spot
Septoria_Leaf_Spot,Septoria_Leaf_Spot
Septoria_Leaf_Spot,Septoria_Leaf_Spot
Septoria_Leaf_Spot,Septoria_Leaf_Spot
Septoria_Leaf_Spot,Septoria_Leaf_Spot
Septoria_Leaf_Spot,Septoria_Leaf_Spot
Septoria_Leaf_Spot,Septoria_Leaf_Spot
Septoria_Leaf_Spot,Septoria_Leaf_Spot
Septoria_Leaf_Spot,Septoria_Leaf_Spot
Septoria_Leaf_Spot,Septoria_Leaf_Spot
Septoria_Leaf_Spot,Septoria_Leaf_Spot
Septoria_Leaf_Spot,Septoria_Leaf_Spot
Septoria_Leaf_Spot,Septoria_Leaf_Spot
Septoria_Leaf_Spot,Septoria_Leaf_Spot
Septoria_Leaf_Spot,Septoria_Leaf_Spot
Septoria_Leaf_Spot,Septoria_Leaf_Spot
Septoria_Leaf_Spot,Septoria_Leaf_Spot
Septoria_Leaf_Spot,Septoria_Leaf_Spot
Septoria_Leaf_Spot,Septoria_Leaf_Spot
Septoria_Leaf_Spot,Septoria_Leaf_Spot
Septoria_Leaf_Spot,Septoria_Leaf_Spot
Septoria_Leaf_Spot,Septoria_Leaf_Spot
Septoria_Leaf_Spot,Septoria_Leaf_Spot
Septoria_Leaf_Spot,Septoria_Leaf_Spot
Septoria_Leaf_Spot,Septoria_Leaf_Spot
Septoria_Leaf_Spot,Septoria_Leaf_Spot
Septoria_Leaf_Spot,Septoria_Leaf_Spot
Septoria_Leaf_Spot,Septoria_Leaf_Spot
Septoria_Leaf_Spot,Septoria_Leaf_Spot
Septoria_Leaf_Spot,Septoria_Leaf_Spot
Septoria_Leaf_Spot,Septoria_Leaf_Spot
Septoria_Leaf_Spot,Septoria_Leaf_Spot
Septoria_Leaf_Spot,Septoria_Leaf_Spot
Septoria_Leaf_Spot,Septoria_Leaf_Spot
Septoria_Leaf_Spot,Septoria_Leaf_Spot
Septoria_Leaf_Spot,Septoria_Leaf_Spot
Septoria_Leaf_Spot,Septoria_Leaf_Spot
Septoria_Leaf_Spot,Septoria_Leaf_Spot
Septoria_Leaf_Spot,Septoria_Leaf_Spot
Septoria_Leaf_Spot,Septoria_Leaf_Spot
Septoria_Leaf_Spot,Septoria_Leaf_Spot
Septoria_Leaf_Spot,Septoria_Leaf_Spot
Septoria_Leaf_Spot,Septoria_Leaf_Spot
Septoria_Leaf_Spot,Septoria_Leaf_Spot
Septoria_Leaf_Spot,Septoria_Leaf_Spot
Septoria_Leaf_Spot,Septoria_Leaf_Spot
Septoria_Leaf_Spot,Septoria_Leaf_Spot
Septoria_Leaf_Spot,Septoria_Leaf_Spot
Septoria_Leaf_Spot,Septoria_Leaf_Spot
Septoria_Leaf_Spot,Septoria_Leaf_Spot
Septoria_Leaf_Spot,Septoria_Leaf_Spot
Septoria_Leaf_Spot,Septoria_Leaf_Spot
Septoria_Leaf_Spot,Septoria_Leaf_Spot
Septoria_Leaf_Spot,Septoria_Leaf_Spot
Septoria_Leaf_Spot,Septoria_Leaf_Spot
Septoria_Leaf_Spot,Septoria_Leaf_Spot
Septoria_Leaf_Spot,Septoria_Leaf_Spot
Septoria_Leaf_Spot,Septoria_Leaf_Spot
Septoria_Leaf_Spot,Septoria_Leaf_Spot
Septoria_Leaf_Spot,Septoria_Leaf_Spot
Septoria_Leaf_Spot,Septoria_Leaf_Spot
Septoria_Leaf_Spot,Septoria_Leaf_Spot
Septoria_Leaf_Spot,Septoria_Leaf_Spot
Septoria_Leaf_Spot,Septoria_Leaf_Spot
Septoria_Leaf_Spot,Septoria_Leaf_Spot
Septoria_Leaf_Spot,Septoria_Leaf_Spot
Septoria_Leaf_Spot,Septoria_Leaf_Spot
Septoria_Leaf_Spot,Septoria_Leaf_Spot
Septoria_Leaf_Spot,Septoria_Leaf_Spot
Septoria_Leaf_Spot,Septoria_Leaf_Spot
Septoria_Leaf_Spot,Septoria_Leaf_Spot
Septoria_Leaf_Spot,Septoria_Leaf_Spot
Septoria_Leaf_Spot,Septoria_Leaf_Spot
Septoria_Leaf_Spot,Septoria_Leaf_Spot
Septoria_Leaf_Spot,Septoria_Leaf_Spot
Septoria_Leaf_Spot,Septoria_Leaf_Spot
Septoria_Leaf_Spot,Septoria_Leaf_Spot
Septoria_Leaf_Spot,Septoria_Leaf_Spot
Septoria_Leaf_Spot,Septoria_Leaf_Spot
Septoria_Leaf_Spot,Septoria_Leaf_Spot
Septoria_Leaf_Spot,Septoria_Leaf_Spot
Septoria_Leaf_Spot,Septoria_Leaf_Spot
Septoria_Leaf_Spot,Septoria_Leaf_Spot
Septoria_Leaf_Spot,Septoria_Leaf_Spot
Septoria_Leaf_Spot,Septoria_Leaf_Spot
Septoria_Leaf_Spot,Septoria_Leaf_Spot
Septoria_Leaf_Spot,Septoria_Leaf_Spot
Septoria_Leaf_Spot,Septoria_Leaf_Spot
Septoria_Leaf_Spot,Septoria_Leaf_Spot
Septoria_Leaf_Spot,Septoria_Leaf_Spot
Septoria_Leaf_Spot,Septoria_Leaf_Spot
Septoria_Leaf_Spot,Septoria_Leaf_Spot
Septoria_Leaf_Spot,Septoria_Leaf_Spot
Septoria_Leaf_Spot,Septoria_Leaf_Spot
Septoria_Leaf_Spot,Septoria_Leaf_Spot
Septoria_Leaf_Spot,Septoria_Leaf_Spot
Septoria_Leaf_Spot,Septoria_Leaf_Spot
Septoria_Leaf_Spot,Septoria_Leaf_Spot
Septoria_Leaf_Spot,Septoria_Leaf_Spot
Septoria_Leaf_Spot,Septoria_Leaf_Spot
Septoria_Leaf_Spot,Septoria_Leaf_Spot
Septoria_Leaf_Spot,Septoria_Leaf_Spot
Septoria_Leaf_Spot,Septoria_Leaf_Spot
Septoria_Leaf_Spot,Septoria_Leaf_Spot
Septoria_Leaf_Spot,Septoria_Leaf_Spot
Septoria_Leaf_Spot,Septoria_Leaf_Spot
Septoria_Leaf_Spot,Septoria_Leaf_Spot
Septoria_Leaf_Spot,Septoria_Leaf_Spot
Septoria_Leaf_Spot,Septoria_Leaf_Spot
Septoria_Leaf_Spot,Septoria_Leaf_Spot
Septoria_Leaf_Spot,Septoria_Leaf_Spot
Septoria_Leaf_Spot,Septoria_Leaf_Spot
Septoria_Leaf_Spot,Septoria_Leaf_Spot
Septoria_Leaf_Spot,Septoria_Leaf_Spot
Septoria_Leaf_Spot,Septoria_Leaf_Spot
Septoria_Leaf_Spot,Septoria_Leaf_Spot
Septoria_Leaf_Spot,Septoria_Leaf_Spot
Septoria_Leaf_Spot,Septoria_Leaf_Spot
Septoria_Leaf_Spot,Septoria_Leaf_Spot
Septoria_Leaf_Spot,Septoria_Leaf_Spot
Septoria_Leaf_Spot,Septoria_Leaf_Spot
Septoria_Leaf_Spot,Septoria_Leaf_Spot
Septoria_Leaf_Spot,Septoria_Leaf_Spot
Septoria_Leaf_Spot,Septoria_Leaf_Spot
Septoria_Leaf_Spot,Septoria_Leaf_Spot
Septoria_Leaf_Spot,Septoria_Leaf_Spot
Septoria_Leaf_Spot,Septoria_Leaf_Spot
Septoria_Leaf_Spot,Septoria_Leaf_Spot
Septoria_Leaf_Spot,Septoria_Leaf_Spot
Septoria_Leaf_Spot,Septoria_Leaf_Spot
Septoria_Leaf_Spot,Septoria_Leaf_Spot
Septoria_Leaf_Spot,Septoria_Leaf_Spot
Septoria_Leaf_Spot,Septoria_Leaf_Spot
Septoria_Leaf_Spot,Septoria_Leaf_Spot
Septoria_Leaf_Spot,Septoria_Leaf_Spot
Septoria_Leaf_Spot,Septoria_Leaf_Spot
Septoria_Leaf_Spot,Septoria_Leaf_Spot
Septoria_Leaf_Spot,Septoria_Leaf_Spot
Septoria_Leaf_Spot,Septoria_Leaf_Spot
Septoria_Leaf_Spot,Septoria_Leaf_Spot
Septoria_Leaf_Spot,Septoria_Leaf_Spot
Septoria_Leaf_Spot,Septoria_Leaf_Spot
Septoria_Leaf_Spot,Septoria_Leaf_Spot
Septoria_Leaf_Spot,Septoria_Leaf_Spot
Septoria_Leaf_Spot,Septoria_Leaf_Spot
Septoria_Leaf_Spot,Septoria_Leaf_Spot
Septoria_Leaf_Spot,Septoria_Leaf_Spot
Septoria_Leaf_Spot,Septoria_Leaf_Spot
Septoria_Leaf_Spot,Septoria_Leaf_Spot
Septoria_Leaf_Spot,Septoria_Leaf_Spot
Septoria_Leaf_Spot,Septoria_Leaf_Spot
Septoria_Leaf_Spot,Septoria_Leaf_Spot
Septoria_Leaf_Spot,Septoria_Leaf_Spot
Septoria_Leaf_Spot,Septoria_Leaf_Spot
Septoria_Leaf_Spot,Septoria_Leaf_Spot
Septoria_Leaf_Spot,Septoria_Leaf_Spot
Septoria_Leaf_Spot,Septoria_Leaf_Spot
Septoria_Leaf_Spot,Septoria_Leaf_Spot
Septoria_Leaf_Spot,Septoria_Leaf_Spot
Septoria_Leaf_Spot,Septoria_Leaf_Spot
Septoria_Leaf_Spot,Septoria_Leaf_Spot
Septoria_Leaf_Spot,Septoria_Leaf_Spot
Septoria_Leaf_Spot,Septoria_Leaf_Spot
Septoria_Leaf_Spot,Septoria_Leaf_Spot
Septoria_Leaf_Spot,Septoria_Leaf_Spot
Septoria_Leaf_Spot,Septoria_Leaf_Spot
Septoria_Leaf_Spot,Septoria_Leaf_Spot
Septoria_Leaf_Spot,Septoria_Leaf_Spot
Septoria_Leaf_Spot,Septoria_Leaf_Spot
Septoria_Leaf_Spot,Septoria_Leaf_Spot
Septoria_Leaf_Spot,Septoria_Leaf_Spot
Septoria_Leaf_Spot,Septoria_Leaf_Spot
Septoria_Leaf_Spot,Septoria_Leaf_Spot
Septoria_Leaf_Spot,Septoria_Leaf_Spot
Septoria_Leaf_Spot,Septoria_Leaf_Spot
Septoria_Leaf_Spot,Septoria_Leaf_Spot
Septoria_Leaf_Spot,Septoria_Leaf_Spot
Septoria_Leaf_Spot,Septoria_Leaf_Spot
Septoria_Leaf_Spot,Septoria_Leaf_Spot
Septoria_Leaf_Spot,Septoria_Leaf_Spot
Septoria_Leaf_Spot,Septoria_Leaf_Spot
Septoria_Leaf_Spot,Septoria_Leaf_Spot
Septoria_Leaf_Spot,Septoria_Leaf_Spot
Septoria_Leaf_Spot,Septoria_Leaf_Spot
Septoria_Leaf_Spot,Septoria_Leaf_Spot
Septoria_Leaf_Spot,Septoria_Leaf_Spot
Septoria_Leaf_Spot,Septoria_Leaf_Spot
Septoria_Leaf_Spot,Septoria_Leaf_Spot
Septoria_Leaf_Spot,Septoria_Leaf_Spot
Septoria_Leaf_Spot,Septoria_Leaf_Spot
Septoria_Leaf_Spot,Septoria_Leaf_Spot
Septoria_Leaf_Spot,Septoria_Leaf_Spot
Septoria_Leaf_Spot,Septoria_Leaf_Spot
Septoria_Leaf_Spot,Septoria_Leaf_Spot
Septoria_Leaf_Spot,Septoria_Leaf_Spot
Septoria_Leaf_Spot,Septoria_Leaf_Spot
Septoria_Leaf_Spot,Septoria_Leaf_Spot
Septoria_Leaf_Spot,Septoria_Leaf_Spot
Septoria_Leaf_Spot,Septoria_Leaf_Spot
Septoria_Leaf_Spot,Septoria_Leaf_Spot
Septoria_Leaf_Spot,Septoria_Leaf_Spot
Septoria_Leaf_Spot,Septoria_Leaf_Spot
Septoria_Leaf_Spot,Septoria_Leaf_Spot
Septoria_Leaf_Spot,Two_Spotted_Spider_Mite
Septoria_Leaf_Spot,Septoria_Leaf_Spot
Septoria_Leaf_Spot,Septoria_Leaf_Spot
Septoria_Leaf_Spot,Septoria_Leaf_Spot
Septoria_Leaf_Spot,Septoria_Leaf_Spot
Septoria_Leaf_Spot,Septoria_Leaf_Spot
Septoria_Leaf_Spot,Septoria_Leaf_Spot
Septoria_Leaf_Spot,Septoria_Leaf_Spot
Septoria_Leaf_Spot,Septoria_Leaf_Spot
Septoria_Leaf_Spot,Septoria_Leaf_Spot
Septoria_Leaf_Spot,Septoria_Leaf_Spot
Septoria_Leaf_Spot,Septoria_Leaf_Spot
Septoria_Leaf_Spot,Septoria_Leaf_Spot
Septoria_Leaf_Spot,Septoria_Leaf_Spot
Septoria_Leaf_Spot,Septoria_Leaf_Spot
Septoria_Leaf_Spot,Septoria_Leaf_Spot
Septoria_Leaf_Spot,Septoria_Leaf_Spot
Septoria_Leaf_Spot,Septoria_Leaf_Spot
Septoria_Leaf_Spot,Septoria_Leaf_Spot
Septoria_Leaf_Spot,Septoria_Leaf_Spot
Septoria_Leaf_Spot,Septoria_Leaf_Spot
Septoria_Leaf_Spot,Septoria_Leaf_Spot
Septoria_Leaf_Spot,Septoria_Leaf_Spot
Septoria_Leaf_Spot,Septoria_Leaf_Spot
Septoria_Leaf_Spot,Septoria_Leaf_Spot
Septoria_Leaf_Spot,Septoria_Leaf_Spot
Septoria_Leaf_Spot,Septoria_Leaf_Spot
Septoria_Leaf_Spot,Septoria_Leaf_Spot
Septoria_Leaf_Spot,Septoria_Leaf_Spot
Septoria_Leaf_Spot,Septoria_Leaf_Spot
Septoria_Leaf_Spot,Septoria_Leaf_Spot
Septoria_Leaf_Spot,Septoria_Leaf_Spot
Septoria_Leaf_Spot,Septoria_Leaf_Spot
Septoria_Leaf_Spot,Septoria_Leaf_Spot
Septoria_Leaf_Spot,Septoria_Leaf_Spot
Septoria_Leaf_Spot,Septoria_Leaf_Spot
Septoria_Leaf_Spot,Septoria_Leaf_Spot
Septoria_Leaf_Spot,Septoria_Leaf_Spot
Septoria_Leaf_Spot,Septoria_Leaf_Spot
Septoria_Leaf_Spot,Septoria_Leaf_Spot
Septoria_Leaf_Spot,Septoria_Leaf_Spot
Septoria_Leaf_Spot,Septoria_Leaf_Spot
Septoria_Leaf_Spot,Septoria_Leaf_Spot
Septoria_Leaf_Spot,Septoria_Leaf_Spot
Septoria_Leaf_Spot,Septoria_Leaf_Spot
Septoria_Leaf_Spot,Septoria_Leaf_Spot
Septoria_Leaf_Spot,Septoria_Leaf_Spot
Septoria_Leaf_Spot,Septoria_Leaf_Spot
Septoria_Leaf_Spot,Septoria_Leaf_Spot
Septoria_Leaf_Spot,Septoria_Leaf_Spot
Septoria_Leaf_Spot,Septoria_Leaf_Spot
Septoria_Leaf_Spot,Septoria_Leaf_Spot
Septoria_Leaf_Spot,Septoria_Leaf_Spot
Septoria_Leaf_Spot,Septoria_Leaf_Spot
Septoria_Leaf_Spot,Septoria_Leaf_Spot
Septoria_Leaf_Spot,Septoria_Leaf_Spot
Septoria_Leaf_Spot,Septoria_Leaf_Spot
Septoria_Leaf_Spot,Septoria_Leaf_Spot
Septoria_Leaf_Spot,Septoria_Leaf_Spot
Septoria_Leaf_Spot,Septoria_Leaf_Spot
Septoria_Leaf_Spot,Septoria_Leaf_Spot
Septoria_Leaf_Spot,Septoria_Leaf_Spot
Septoria_Leaf_Spot,Septoria_Leaf_Spot
Septoria_Leaf_Spot,Septoria_Leaf_Spot
Septoria_Leaf_Spot,Septoria_Leaf_Spot
Septoria_Leaf_Spot,Septoria_Leaf_Spot
Septoria_Leaf_Spot,Septoria_Leaf_Spot
Septoria_Leaf_Spot,Septoria_Leaf_Spot
Septoria_Leaf_Spot,Septoria_Leaf_Spot
Septoria_Leaf_Spot,Septoria_Leaf_Spot
Septoria_Leaf_Spot,Septoria_Leaf_Spot
Septoria_Leaf_Spot,Septoria_Leaf_Spot
Septoria_Leaf_Spot,Septoria_Leaf_Spot
Septoria_Leaf_Spot,Septoria_Leaf_Spot
Septoria_Leaf_Spot,Septoria_Leaf_Spot
Septoria_Leaf_Spot,Septoria_Leaf_Spot
Septoria_Leaf_Spot,Septoria_Leaf_Spot
Septoria_Leaf_Spot,Septoria_Leaf_Spot
Septoria_Leaf_Spot,Septoria_Leaf_Spot
Septoria_Leaf_Spot,Septoria_Leaf_Spot
Septoria_Leaf_Spot,Septoria_Leaf_Spot
Septoria_Leaf_Spot,Septoria_Leaf_Spot
Septoria_Leaf_Spot,Septoria_Leaf_Spot
Septoria_Leaf_Spot,Septoria_Leaf_Spot
Septoria_Leaf_Spot,Septoria_Leaf_Spot
Septoria_Leaf_Spot,Septoria_Leaf_Spot
Septoria_Leaf_Spot,Septoria_Leaf_Spot
Septoria_Leaf_Spot,Septoria_Leaf_Spot
Septoria_Leaf_Spot,Septoria_Leaf_Spot
Septoria_Leaf_Spot,Septoria_Leaf_Spot
Septoria_Leaf_Spot,Septoria_Leaf_Spot
Septoria_Leaf_Spot,Septoria_Leaf_Spot
Septoria_Leaf_Spot,Septoria_Leaf_Spot
Septoria_Leaf_Spot,Septoria_Leaf_Spot
Septoria_Leaf_Spot,Septoria_Leaf_Spot
Septoria_Leaf_Spot,Septoria_Leaf_Spot
Septoria_Leaf_Spot,Septoria_Leaf_Spot
Septoria_Leaf_Spot,Septoria_Leaf_Spot
Septoria_Leaf_Spot,Septoria_Leaf_Spot
Septoria_Leaf_Spot,Septoria_Leaf_Spot
Septoria_Leaf_Spot,Septoria_Leaf_Spot
Septoria_Leaf_Spot,Septoria_Leaf_Spot
Septoria_Leaf_Spot,Septoria_Leaf_Spot
Septoria_Leaf_Spot,Septoria_Leaf_Spot
Septoria_Leaf_Spot,Septoria_Leaf_Spot
Septoria_Leaf_Spot,Septoria_Leaf_Spot
Septoria_Leaf_Spot,Septoria_Leaf_Spot
Septoria_Leaf_Spot,Bacterial_Spot
Septoria_Leaf_Spot,Septoria_Leaf_Spot
Septoria_Leaf_Spot,Septoria_Leaf_Spot
Septoria_Leaf_Spot,Septoria_Leaf_Spot
Septoria_Leaf_Spot,Septoria_Leaf_Spot
Septoria_Leaf_Spot,Septoria_Leaf_Spot
Septoria_Leaf_Spot,Septoria_Leaf_Spot
Septoria_Leaf_Spot,Septoria_Leaf_Spot
Septoria_Leaf_Spot,Septoria_Leaf_Spot
Septoria_Leaf_Spot,Septoria_Leaf_Spot
Septoria_Leaf_Spot,Septoria_Leaf_Spot
Septoria_Leaf_Spot,Septoria_Leaf_Spot
Septoria_Leaf_Spot,Septoria_Leaf_Spot
Septoria_Leaf_Spot,Septoria_Leaf_Spot
Septoria_Leaf_Spot,Septoria_Leaf_Spot
Septoria_Leaf_Spot,Septoria_Leaf_Spot
Septoria_Leaf_Spot,Septoria_Leaf_Spot
Target_Spot,Target_Spot
Target_Spot,Target_Spot
Target_Spot,Target_Spot
Target_Spot,Target_Spot
Target_Spot,Target_Spot
Target_Spot,Target_Spot
Target_Spot,Target_Spot
Target_Spot,Target_Spot
Target_Spot,Target_Spot
Target_Spot,Target_Spot
Target_Spot,Target_Spot
Target_Spot,Target_Spot
Target_Spot,Target_Spot
Target_Spot,Target_Spot
Target_Spot,Target_Spot
Target_Spot,Target_Spot
Target_Spot,Target_Spot
Target_Spot,Target_Spot
Target_Spot,Target_Spot
Target_Spot,Target_Spot
Target_Spot,Target_Spot
Target_Spot,Target_Spot
Target_Spot,Target_Spot
Target_Spot,Target_Spot
Target_Spot,Target_Spot
Target_Spot,Target_Spot
Target_Spot,Target_Spot
Target_Spot,Target_Spot
Target_Spot,Target_Spot
Target_Spot,Target_Spot
Target_Spot,Target_Spot
Target_Spot,Target_Spot
Target_Spot,Target_Spot
Target_Spot,Target_Spot
Target_Spot,Target_Spot
Target_Spot,Target_Spot
Target_Spot,Target_Spot
Target_Spot,Target_Spot
Target_Spot,Target_Spot
Target_Spot,Target_Spot
Target_Spot,Target_Spot
Target_Spot,Target_Spot
Target_Spot,Target_Spot
Target_Spot,Target_Spot
Target_Spot,Target_Spot
Target_Spot,Target_Spot
Target_Spot,Target_Spot
Target_Spot,Target_Spot
Target_Spot,Target_Spot
Target_Spot,Target_Spot
Target_Spot,Target_Spot
Target_Spot,Target_Spot
Target_Spot,Target_Spot
Target_Spot,Target_Spot
Target_Spot,Target_Spot
Target_Spot,Target_Spot
Target_Spot,Target_Spot
Target_Spot,Target_Spot
Target_Spot,Target_Spot
Target_Spot,Target_Spot
Target_Spot,Target_Spot
Target_Spot,Target_Spot
Target_Spot,Target_Spot
Target_Spot,Target_Spot
Target_Spot,Target_Spot
Target_Spot,Target_Spot
Target_Spot,Target_Spot
Target_Spot,Target_Spot
Target_Spot,Target_Spot
Target_Spot,Target_Spot
Target_Spot,Target_Spot
Target_Spot,Target_Spot
Target_Spot,Target_Spot
Target_Spot,Healthy
Target_Spot,Target_Spot
Target_Spot,Target_Spot
Target_Spot,Target_Spot
Target_Spot,Target_Spot
Target_Spot,Target_Spot
Target_Spot,Target_Spot
Target_Spot,Target_Spot
Target_Spot,Target_Spot
Target_Spot,Target_Spot
Target_Spot,Target_Spot
Target_Spot,Target_Spot
Target_Spot,Target_Spot
Target_Spot,Target_Spot
Target_Spot,Target_Spot
Target_Spot,Target_Spot
Target_Spot,Target_Spot
Target_Spot,Target_Spot
Target_Spot,Target_Spot
Target_Spot,Target_Spot
Target_Spot,Target_Spot
Target_Spot,Target_Spot
Target_Spot,Target_Spot
Target_Spot,Target_Spot
Target_Spot,Target_Spot
Target_Spot,Target_Spot
Target_Spot,Target_Spot
Target_Spot,Target_Spot
Target_Spot,Target_Spot
Target_Spot,Target_Spot
Target_Spot,Target_Spot
Target_Spot,Target_Spot
Target_Spot,Target_Spot
Target_Spot,Target_Spot
Target_Spot,Target_Spot
Target_Spot,Target_Spot
Target_Spot,Target_Spot
Target_Spot,Target_Spot
Target_Spot,Target_Spot
Target_Spot,Target_Spot
Target_Spot,Target_Spot
Target_Spot,Target_Spot
Target_Spot,Target_Spot
Target_Spot,Target_Spot
Target_Spot,Target_Spot
Target_Spot,Target_Spot
Target_Spot,Target_Spot
Target_Spot,Target_Spot
Target_Spot,Target_Spot
Target_Spot,Target_Spot
Target_Spot,Target_Spot
Target_Spot,Target_Spot
Target_Spot,Target_Spot
Target_Spot,Target_Spot
Target_Spot,Target_Spot
Target_Spot,Target_Spot
Target_Spot,Septoria_Leaf_Spot
Target_Spot,Target_Spot
Target_Spot,Target_Spot
Target_Spot,Target_Spot
Target_Spot,Target_Spot
Target_Spot,Target_Spot
Target_Spot,Target_Spot
Target_Spot,Target_Spot
Target_Spot,Target_Spot
Target_Spot,Target_Spot
Target_Spot,Target_Spot
Target_Spot,Target_Spot
Target_Spot,Target_Spot
Target_Spot,Target_Spot
Target_Spot,Target_Spot
Target_Spot,Target_Spot
Target_Spot,Target_Spot
Target_Spot,Target_Spot
Target_Spot,Target_Spot
Target_Spot,Target_Spot
Target_Spot,Target_Spot
Target_Spot,Target_Spot
Target_Spot,Target_Spot
Target_Spot,Target_Spot
Target_Spot,Target_Spot
Target_Spot,Target_Spot
Target_Spot,Target_Spot
Target_Spot,Target_Spot
Target_Spot,Target_Spot
Target_Spot,Target_Spot
Target_Spot,Target_Spot
Target_Spot,Target_Spot
Target_Spot,Target_Spot
Target_Spot,Target_Spot
Target_Spot,Target_Spot
Target_Spot,Target_Spot
Target_Spot,Target_Spot
Target_Spot,Target_Spot
Target_Spot,Target_Spot
Target_Spot,Target_Spot
Target_Spot,Target_Spot
Target_Spot,Target_Spot
Target_Spot,Target_Spot
Target_Spot,Target_Spot
Target_Spot,Target_Spot
Target_Spot,Target_Spot
Target_Spot,Target_Spot
Target_Spot,Target_Spot
Target_Spot,Target_Spot
Target_Spot,Target_Spot
Target_Spot,Target_Spot
Target_Spot,Target_Spot
Target_Spot,Target_Spot
Target_Spot,Target_Spot
Target_Spot,Target_Spot
Target_Spot,Septoria_Leaf_Spot
Target_Spot,Target_Spot
Target_Spot,Target_Spot
Target_Spot,Target_Spot
Target_Spot,Target_Spot
Target_Spot,Target_Spot
Target_Spot,Target_Spot
Target_Spot,Target_Spot
Target_Spot,Target_Spot
Target_Spot,Target_Spot
Target_Spot,Target_Spot
Target_Spot,Target_Spot
Target_Spot,Target_Spot
Target_Spot,Target_Spot
Target_Spot,Target_Spot
Target_Spot,Target_Spot
Target_Spot,Target_Spot
Target_Spot,Target_Spot
Target_Spot,Target_Spot
Target_Spot,Target_Spot
Target_Spot,Target_Spot
Target_Spot,Target_Spot
Target_Spot,Target_Spot
Target_Spot,Target_Spot
Target_Spot,Target_Spot
Target_Spot,Target_Spot
Target_Spot,Target_Spot
Target_Spot,Target_Spot
Target_Spot,Target_Spot
Target_Spot,Target_Spot
Target_Spot,Target_Spot
Target_Spot,Target_Spot
Target_Spot,Target_Spot
Target_Spot,Target_Spot
Target_Spot,Target_Spot
Target_Spot,Target_Spot
Target_Spot,Target_Spot
Target_Spot,Target_Spot
Target_Spot,Target_Spot
Target_Spot,Target_Spot
Target_Spot,Target_Spot
Target_Spot,Target_Spot
Target_Spot,Target_Spot
Target_Spot,Target_Spot
Target_Spot,Target_Spot
Target_Spot,Two_Spotted_Spider_Mite
Target_Spot,Target_Spot
Target_Spot,Target_Spot
Target_Spot,Target_Spot
Target_Spot,Target_Spot
Target_Spot,Target_Spot
Target_Spot,Target_Spot
Target_Spot,Target_Spot
Target_Spot,Target_Spot
Target_Spot,Target_Spot
Target_Spot,Septoria_Leaf_Spot
Target_Spot,Target_Spot
Target_Spot,Target_Spot
Target_Spot,Target_Spot
Target_Spot,Target_Spot
Target_Spot,Target_Spot
Target_Spot,Target_Spot
Target_Spot,Target_Spot
Target_Spot,Target_Spot
Target_Spot,Target_Spot
Target_Spot,Target_Spot
Target_Spot,Target_Spot
Target_Spot,Target_Spot
Target_Spot,Target_Spot
Target_Spot,Target_Spot
Target_Spot,Target_Spot
Target_Spot,Target_Spot
Target_Spot,Target_Spot
Target_Spot,Target_Spot
Target_Spot,Target_Spot
Target_Spot,Target_Spot
Target_Spot,Target_Spot
Target_Spot,Target_Spot
Target_Spot,Target_Spot
Target_Spot,Target_Spot
Target_Spot,Target_Spot
Target_Spot,Target_Spot
Target_Spot,Target_Spot
Target_Spot,Target_Spot
Target_Spot,Target_Spot
Target_Spot,Target_Spot
Target_Spot,Target_Spot
Target_Spot,Target_Spot
Target_Spot,Target_Spot
Target_Spot,Target_Spot
Target_Spot,Target_Spot
Target_Spot,Target_Spot
Target_Spot,Target_Spot
Target_Spot,Target_Spot
Target_Spot,Target_Spot
Target_Spot,Target_Spot
Target_Spot,Target_Spot
Two_Spotted_Spider_Mite,Two_Spotted_Spider_Mite
Two_Spotted_Spider_Mite,Two_Spotted_Spider_Mite
Two_Spotted_Spider_Mite,Two_Spotted_Spider_Mite
Two_Spotted_Spider_Mite,Two_Spotted_Spider_Mite
Two_Spotted_Spider_Mite,Two_Spotted_Spider_Mite
Two_Spotted_Spider_Mite,Two_Spotted_Spider_Mite
Two_Spotted_Spider_Mite,Two_Spotted_Spider_Mite
Two_Spotted_Spider_Mite,Two_Spotted_Spider_Mite
Two_Spotted_Spider_Mite,Two_Spotted_Spider_Mite
Two_Spotted_Spider_Mite,Two_Spotted_Spider_Mite
Two_Spotted_Spider_Mite,Two_Spotted_Spider_Mite
Two_Spotted_Spider_Mite,Two_Spotted_Spider_Mite
Two_Spotted_Spider_Mite,Two_Spotted_Spider_Mite
Two_Spotted_Spider_Mite,Two_Spotted_Spider_Mite
Two_Spotted_Spider_Mite,Two_Spotted_Spider_Mite
Two_Spotted_Spider_Mite,Two_Spotted_Spider_Mite
Two_Spotted_Spider_Mite,Two_Spotted_Spider_Mite
Two_Spotted_Spider_Mite,Target_Spot
Two_Spotted_Spider_Mite,Two_Spotted_Spider_Mite
Two_Spotted_Spider_Mite,Two_Spotted_Spider_Mite
Two_Spotted_Spider_Mite,Two_Spotted_Spider_Mite
Two_Spotted_Spider_Mite,Two_Spotted_Spider_Mite
Two_Spotted_Spider_Mite,Two_Spotted_Spider_Mite
Two_Spotted_Spider_Mite,Two_Spotted_Spider_Mite
Two_Spotted_Spider_Mite,Two_Spotted_Spider_Mite
Two_Spotted_Spider_Mite,Two_Spotted_Spider_Mite
Two_Spotted_Spider_Mite,Two_Spotted_Spider_Mite
Two_Spotted_Spider_Mite,Two_Spotted_Spider_Mite
Two_Spotted_Spider_Mite,Two_Spotted_Spider_Mite
Two_Spotted_Spider_Mite,Two_Spotted_Spider_Mite
Two_Spotted_Spider_Mite,Two_Spotted_Spider_Mite
Two_Spotted_Spider_Mite,Two_Spotted_Spider_Mite
Two_Spotted_Spider_Mite,Two_Spotted_Spider_Mite
Two_Spotted_Spider_Mite,Two_Spotted_Spider_Mite
Two_Spotted_Spider_Mite,Two_Spotted_Spider_Mite
Two_Spotted_Spider_Mite,Two_Spotted_Spider_Mite
Two_Spotted_Spider_Mite,Two_Spotted_Spider_Mite
Two_Spotted_Spider_Mite,Two_Spotted_Spider_Mite
Two_Spotted_Spider_Mite,Two_Spotted_Spider_Mite
Two_Spotted_Spider_Mite,Two_Spotted_Spider_Mite
Two_Spotted_Spider_Mite,Two_Spotted_Spider_Mite
Two_Spotted_Spider_Mite,Two_Spotted_Spider_Mite
Two_Spotted_Spider_Mite,Two_Spotted_Spider_Mite
Two_Spotted_Spider_Mite,Two_Spotted_Spider_Mite
Two_Spotted_Spider_Mite,Two_Spotted_Spider_Mite
Two_Spotted_Spider_Mite,Two_Spotted_Spider_Mite
Two_Spotted_Spider_Mite,Two_Spotted_Spider_Mite
Two_Spotted_Spider_Mite,Two_Spotted_Spider_Mite
Two_Spotted_Spider_Mite,Two_Spotted_Spider_Mite
Two_Spotted_Spider_Mite,Two_Spotted_Spider_Mite
Two_Spotted_Spider_Mite,Two_Spotted_Spider_Mite
Two_Spotted_Spider_Mite,Two_Spotted_Spider_Mite
Two_Spotted_Spider_Mite,Two_Spotted_Spider_Mite
Two_Spotted_Spider_Mite,Two_Spotted_Spider_Mite
Two_Spotted_Spider_Mite,Two_Spotted_Spider_Mite
Two_Spotted_Spider_Mite,Two_Spotted_Spider_Mite
Two_Spotted_Spider_Mite,Two_Spotted_Spider_Mite
Two_Spotted_Spider_Mite,Two_Spotted_Spider_Mite
Two_Spotted_Spider_Mite,Two_Spotted_Spider_Mite
Two_Spotted_Spider_Mite,Two_Spotted_Spider_Mite
Two_Spotted_Spider_Mite,Two_Spotted_Spider_Mite
Two_Spotted_Spider_Mite,Two_Spotted_Spider_Mite
Two_Spotted_Spider_Mite,Two_Spotted_Spider_Mite
Two_Spotted_Spider_Mite,Two_Spotted_Spider_Mite
Two_Spotted_Spider_Mite,Two_Spotted_Spider_Mite
Two_Spotted_Spider_Mite,Two_Spotted_Spider_Mite
Two_Spotted_Spider_Mite,Two_Spotted_Spider_Mite
Two_Spotted_Spider_Mite,Two_Spotted_Spider_Mite
Two_Spotted_Spider_Mite,Two_Spotted_Spider_Mite
Two_Spotted_Spider_Mite,Two_Spotted_Spider_Mite
Two_Spotted_Spider_Mite,Two_Spotted_Spider_Mite
Two_Spotted_Spider_Mite,Two_Spotted_Spider_Mite
Two_Spotted_Spider_Mite,Two_Spotted_Spider_Mite
Two_Spotted_Spider_Mite,Two_Spotted_Spider_Mite
Two_Spotted_Spider_Mite,Two_Spotted_Spider_Mite
Two_Spotted_Spider_Mite,Two_Spotted_Spider_Mite
Two_Spotted_Spider_Mite,Two_Spotted_Spider_Mite
Two_Spotted_Spider_Mite,Two_Spotted_Spider_Mite
Two_Spotted_Spider_Mite,Two_Spotted_Spider_Mite
Two_Spotted_Spider_Mite,Two_Spotted_Spider_Mite
Two_Spotted_Spider_Mite,Two_Spotted_Spider_Mite
Two_Spotted_Spider_Mite,Two_Spotted_Spider_Mite
Two_Spotted_Spider_Mite,Two_Spotted_Spider_Mite
Two_Spotted_Spider_Mite,Two_Spotted_Spider_Mite
Two_Spotted_Spider_Mite,Two_Spotted_Spider_Mite
Two_Spotted_Spider_Mite,Two_Spotted_Spider_Mite
Two_Spotted_Spider_Mite,Two_Spotted_Spider_Mite
Two_Spotted_Spider_Mite,Two_Spotted_Spider_Mite
Two_Spotted_Spider_Mite,Two_Spotted_Spider_Mite
Two_Spotted_Spider_Mite,Two_Spotted_Spider_Mite
Two_Spotted_Spider_Mite,Two_Spotted_Spider_Mite
Two_Spotted_Spider_Mite,Two_Spotted_Spider_Mite
Two_Spotted_Spider_Mite,Two_Spotted_Spider_Mite
Two_Spotted_Spider_Mite,Two_Spotted_Spider_Mite
Two_Spotted_Spider_Mite,Two_Spotted_Spider_Mite
Two_Spotted_Spider_Mite,Two_Spotted_Spider_Mite
Two_Spotted_Spider_Mite,Two_Spotted_Spider_Mite
Two_Spotted_Spider_Mite,Two_Spotted_Spider_Mite
Two_Spotted_Spider_Mite,Two_Spotted_Spider_Mite
Two_Spotted_Spider_Mite,Two_Spotted_Spider_Mite
Two_Spotted_Spider_Mite,Two_Spotted_Spider_Mite
Two_Spotted_Spider_Mite,Two_Spotted_Spider_Mite
Two_Spotted_Spider_Mite,Two_Spotted_Spider_Mite
Two_Spotted_Spider_Mite,Two_Spotted_Spider_Mite
Two_Spotted_Spider_Mite,Two_Spotted_Spider_Mite
Two_Spotted_Spider_Mite,Two_Spotted_Spider_Mite
Two_Spotted_Spider_Mite,Two_Spotted_Spider_Mite
Two_Spotted_Spider_Mite,Two_Spotted_Spider_Mite
Two_Spotted_Spider_Mite,Two_Spotted_Spider_Mite
Two_Spotted_Spider_Mite,Two_Spotted_Spider_Mite
Two_Spotted_Spider_Mite,Two_Spotted_Spider_Mite
Two_Spotted_Spider_Mite,Two_Spotted_Spider_Mite
Two_Spotted_Spider_Mite,Two_Spotted_Spider_Mite
Two_Spotted_Spider_Mite,Two_Spotted_Spider_Mite
Two_Spotted_Spider_Mite,Two_Spotted_Spider_Mite
Two_Spotted_Spider_Mite,Two_Spotted_Spider_Mite
Two_Spotted_Spider_Mite,Two_Spotted_Spider_Mite
Two_Spotted_Spider_Mite,Two_Spotted_Spider_Mite
Two_Spotted_Spider_Mite,Two_Spotted_Spider_Mite
Two_Spotted_Spider_Mite,Two_Spotted_Spider_Mite
Two_Spotted_Spider_Mite,Two_Spotted_Spider_Mite
Two_Spotted_Spider_Mite,Two_Spotted_Spider_Mite
Two_Spotted_Spider_Mite,Two_Spotted_Spider_Mite
Two_Spotted_Spider_Mite,Two_Spotted_Spider_Mite
Two_Spotted_Spider_Mite,Two_Spotted_Spider_Mite
Two_Spotted_Spider_Mite,Two_Spotted_Spider_Mite
Two_Spotted_Spider_Mite,Two_Spotted_Spider_Mite
Two_Spotted_Spider_Mite,Two_Spotted_Spider_Mite
Two_Spotted_Spider_Mite,Two_Spotted_Spider_Mite
Two_Spotted_Spider_Mite,Two_Spotted_Spider_Mite
Two_Spotted_Spider_Mite,Two_Spotted_Spider_Mite
Two_Spotted_Spider_Mite,Two_Spotted_Spider_Mite
Two_Spotted_Spider_Mite,Two_Spotted_Spider_Mite
Two_Spotted_Spider_Mite,Two_Spotted_Spider_Mite
Two_Spotted_Spider_Mite,Two_Spotted_Spider_Mite
Two_Spotted_Spider_Mite,Two_Spotted_Spider_Mite
Two_Spotted_Spider_Mite,Two_Spotted_Spider_Mite
Two_Spotted_Spider_Mite,Two_Spotted_Spider_Mite
Two_Spotted_Spider_Mite,Two_Spotted_Spider_Mite
Two_Spotted_Spider_Mite,Two_Spotted_Spider_Mite
Two_Spotted_Spider_Mite,Two_Spotted_Spider_Mite
Two_Spotted_Spider_Mite,Two_Spotted_Spider_Mite
Two_Spotted_Spider_Mite,Two_Spotted_Spider_Mite
Two_Spotted_Spider_Mite,Two_Spotted_Spider_Mite
Two_Spotted_Spider_Mite,Two_Spotted_Spider_Mite
Two_Spotted_Spider_Mite,Two_Spotted_Spider_Mite
Two_Spotted_Spider_Mite,Two_Spotted_Spider_Mite
Two_Spotted_Spider_Mite,Two_Spotted_Spider_Mite
Two_Spotted_Spider_Mite,Two_Spotted_Spider_Mite
Two_Spotted_Spider_Mite,Two_Spotted_Spider_Mite
Two_Spotted_Spider_Mite,Two_Spotted_Spider_Mite
Two_Spotted_Spider_Mite,Two_Spotted_Spider_Mite
Two_Spotted_Spider_Mite,Two_Spotted_Spider_Mite
Two_Spotted_Spider_Mite,Two_Spotted_Spider_Mite
Two_Spotted_Spider_Mite,Two_Spotted_Spider_Mite
Two_Spotted_Spider_Mite,Two_Spotted_Spider_Mite
Two_Spotted_Spider_Mite,Two_Spotted_Spider_Mite
Two_Spotted_Spider_Mite,Two_Spotted_Spider_Mite
Two_Spotted_Spider_Mite,Two_Spotted_Spider_Mite
Two_Spotted_Spider_Mite,Two_Spotted_Spider_Mite
Two_Spotted_Spider_Mite,Two_Spotted_Spider_Mite
Two_Spotted_Spider_Mite,Two_Spotted_Spider_Mite
Two_Spotted_Spider_Mite,Two_Spotted_Spider_Mite
Two_Spotted_Spider_Mite,Two_Spotted_Spider_Mite
Two_Spotted_Spider_Mite,Two_Spotted_Spider_Mite
Two_Spotted_Spider_Mite,Two_Spotted_Spider_Mite
Two_Spotted_Spider_Mite,Two_Spotted_Spider_Mite
Two_Spotted_Spider_Mite,Two_Spotted_Spider_Mite
Two_Spotted_Spider_Mite,Two_Spotted_Spider_Mite
Two_Spotted_Spider_Mite,Two_Spotted_Spider_Mite
Two_Spotted_Spider_Mite,Two_Spotted_Spider_Mite
Two_Spotted_Spider_Mite,Two_Spotted_Spider_Mite
Two_Spotted_Spider_Mite,Two_Spotted_Spider_Mite
Two_Spotted_Spider_Mite,Two_Spotted_Spider_Mite
Two_Spotted_Spider_Mite,Two_Spotted_Spider_Mite
Two_Spotted_Spider_Mite,Two_Spotted_Spider_Mite
Two_Spotted_Spider_Mite,Two_Spotted_Spider_Mite
Two_Spotted_Spider_Mite,Two_Spotted_Spider_Mite
Two_Spotted_Spider_Mite,Two_Spotted_Spider_Mite
Two_Spotted_Spider_Mite,Healthy
Two_Spotted_Spider_Mite,Two_Spotted_Spider_Mite
Two_Spotted_Spider_Mite,Two_Spotted_Spider_Mite
Two_Spotted_Spider_Mite,Two_Spotted_Spider_Mite
Two_Spotted_Spider_Mite,Two_Spotted_Spider_Mite
Two_Spotted_Spider_Mite,Two_Spotted_Spider_Mite
Two_Spotted_Spider_Mite,Two_Spotted_Spider_Mite
Two_Spotted_Spider_Mite,Two_Spotted_Spider_Mite
Two_Spotted_Spider_Mite,Two_Spotted_Spider_Mite
Two_Spotted_Spider_Mite,Two_Spotted_Spider_Mite
Two_Spotted_Spider_Mite,Two_Spotted_Spider_Mite
Two_Spotted_Spider_Mite,Two_Spotted_Spider_Mite
Two_Spotted_Spider_Mite,Two_Spotted_Spider_Mite
Two_Spotted_Spider_Mite,Two_Spotted_Spider_Mite
Two_Spotted_Spider_Mite,Two_Spotted_Spider_Mite
Two_Spotted_Spider_Mite,Two_Spotted_Spider_Mite
Two_Spotted_Spider_Mite,Two_Spotted_Spider_Mite
Two_Spotted_Spider_Mite,Two_Spotted_Spider_Mite
Two_Spotted_Spider_Mite,Septoria_Leaf_Spot
Two_Spotted_Spider_Mite,Two_Spotted_Spider_Mite
Two_Spotted_Spider_Mite,Two_Spotted_Spider_Mite
Two_Spotted_Spider_Mite,Two_Spotted_Spider_Mite
Two_Spotted_Spider_Mite,Two_Spotted_Spider_Mite
Two_Spotted_Spider_Mite,Two_Spotted_Spider_Mite
Two_Spotted_Spider_Mite,Two_Spotted_Spider_Mite
Two_Spotted_Spider_Mite,Two_Spotted_Spider_Mite
Two_Spotted_Spider_Mite,Two_Spotted_Spider_Mite
Two_Spotted_Spider_Mite,Two_Spotted_Spider_Mite
Two_Spotted_Spider_Mite,Two_Spotted_Spider_Mite
Two_Spotted_Spider_Mite,Two_Spotted_Spider_Mite
Two_Spotted_Spider_Mite,Two_Spotted_Spider_Mite
Two_Spotted_Spider_Mite,Two_Spotted_Spider_Mite
Two_Spotted_Spider_Mite,Two_Spotted_Spider_Mite
Two_Spotted_Spider_Mite,Two_Spotted_Spider_Mite
Two_Spotted_Spider_Mite,Two_Spotted_Spider_Mite
Two_Spotted_Spider_Mite,Two_Spotted_Spider_Mite
Two_Spotted_Spider_Mite,Two_Spotted_Spider_Mite
Two_Spotted_Spider_Mite,Two_Spotted_Spider_Mite
Two_Spotted_Spider_Mite,Two_Spotted_Spider_Mite
Two_Spotted_Spider_Mite,Two_Spotted_Spider_Mite
Two_Spotted_Spider_Mite,Two_Spotted_Spider_Mite
Two_Spotted_Spider_Mite,Two_Spotted_Spider_Mite
Two_Spotted_Spider_Mite,Two_Spotted_Spider_Mite
Two_Spotted_Spider_Mite,Two_Spotted_Spider_Mite
Two_Spotted_Spider_Mite,Two_Spotted_Spider_Mite
Two_Spotted_Spider_Mite,Two_Spotted_Spider_Mite
Two_Spotted_Spider_Mite,Septoria_Leaf_Spot
Two_Spotted_Spider_Mite,Two_Spotted_Spider_Mite
Two_Spotted_Spider_Mite,Two_Spotted_Spider_Mite
Two_Spotted_Spider_Mite,Two_Spotted_Spider_Mite
Two_Spotted_Spider_Mite,Two_Spotted_Spider_Mite
Two_Spotted_Spider_Mite,Two_Spotted_Spider_Mite
Two_Spotted_Spider_Mite,Two_Spotted_Spider_Mite
Two_Spotted_Spider_Mite,Two_Spotted_Spider_Mite
Two_Spotted_Spider_Mite,Two_Spotted_Spider_Mite
Two_Spotted_Spider_Mite,Target_Spot
Two_Spotted_Spider_Mite,Two_Spotted_Spider_Mite
Two_Spotted_Spider_Mite,Healthy
Two_Spotted_Spider_Mite,Two_Spotted_Spider_Mite
Two_Spotted_Spider_Mite,Two_Spotted_Spider_Mite
Two_Spotted_Spider_Mite,Two_Spotted_Spider_Mite
Two_Spotted_Spider_Mite,Two_Spotted_Spider_Mite
Two_Spotted_Spider_Mite,Two_Spotted_Spider_Mite
Two_Spotted_Spider_Mite,Two_Spotted_Spider_Mite
Two_Spotted_Spider_Mite,Two_Spotted_Spider_Mite
Two_Spotted_Spider_Mite,Two_Spotted_Spider_Mite
Two_Spotted_Spider_Mite,Two_Spotted_Spider_Mite
Two_Spotted_Spider_Mite,Two_Spotted_Spider_Mite
Two_Spotted_Spider_Mite,Two_Spotted_Spider_Mite
Two_Spotted_Spider_Mite,Two_Spotted_Spider_Mite
Two_Spotted_Spider_Mite,Two_Spotted_Spider_Mite
Two_Spotted_Spider_Mite,Two_Spotted_Spider_Mite
Two_Spotted_Spider_Mite,Two_Spotted_Spider_Mite
Two_Spotted_Spider_Mite,Two_Spotted_Spider_Mite
Two_Spotted_Spider_Mite,Two_Spotted_Spider_Mite
Two_Spotted_Spider_Mite,Two_Spotted_Spider_Mite
Two_Spotted_Spider_Mite,Two_Spotted_Spider_Mite
Two_Spotted_Spider_Mite,Two_Spotted_Spider_Mite
Two_Spotted_Spider_Mite,Two_Spotted_Spider_Mite
Two_Spotted_Spider_Mite,Two_Spotted_Spider_Mite
Two_Spotted_Spider_Mite,Two_Spotted_Spider_Mite
Two_Spotted_Spider_Mite,Two_Spotted_Spider_Mite
Two_Spotted_Spider_Mite,Two_Spotted_Spider_Mite
Two_Spotted_Spider_Mite,Two_Spotted_Spider_Mite
Two_Spotted_Spider_Mite,Two_Spotted_Spider_Mite
Two_Spotted_Spider_Mite,Two_Spotted_Spider_Mite
Two_Spotted_Spider_Mite,Target_Spot
Two_Spotted_Spider_Mite,Two_Spotted_Spider_Mite
Two_Spotted_Spider_Mite,Two_Spotted_Spider_Mite
Two_Spotted_Spider_Mite,Two_Spotted_Spider_Mite
Two_Spotted_Spider_Mite,Two_Spotted_Spider_Mite
Two_Spotted_Spider_Mite,Two_Spotted_Spider_Mite
Two_Spotted_Spider_Mite,Two_Spotted_Spider_Mite
Two_Spotted_Spider_Mite,Two_Spotted_Spider_Mite
Two_Spotted_Spider_Mite,Two_Spotted_Spider_Mite
Two_Spotted_Spider_Mite,Two_Spotted_Spider_Mite
Two_Spotted_Spider_Mite,Two_Spotted_Spider_Mite
Two_Spotted_Spider_Mite,Two_Spotted_Spider_Mite
Two_Spotted_Spider_Mite,Two_Spotted_Spider_Mite
Two_Spotted_Spider_Mite,Two_Spotted_Spider_Mite
Two_Spotted_Spider_Mite,Two_Spotted_Spider_Mite
Two_Spotted_Spider_Mite,Two_Spotted_Spider_Mite
Two_Spotted_Spider_Mite,Two_Spotted_Spider_Mite
Two_Spotted_Spider_Mite,Two_Spotted_Spider_Mite
Two_Spotted_Spider_Mite,Two_Spotted_Spider_Mite
Two_Spotted_Spider_Mite,Two_Spotted_Spider_Mite
Two_Spotted_Spider_Mite,Two_Spotted_Spider_Mite
Two_Spotted_Spider_Mite,Two_Spotted_Spider_Mite
Two_Spotted_Spider_Mite,Two_Spotted_Spider_Mite
Two_Spotted_Spider_Mite,Two_Spotted_Spider_Mite
Two_Spotted_Spider_Mite,Two_Spotted_Spider_Mite
Two_Spotted_Spider_Mite,Two_Spotted_Spider_Mite
Two_Spotted_Spider_Mite,Two_Spotted_Spider_Mite
Two_Spotted_Spider_Mite,Two_Spotted_Spider_Mite
Two_Spotted_Spider_Mite,Two_Spotted_Spider_Mite
Two_Spotted_Spider_Mite,Two_Spotted_Spider_Mite
Two_Spotted_Spider_Mite,Two_Spotted_Spider_Mite
Two_Spotted_Spider_Mite,Two_Spotted_Spider_Mite
Two_Spotted_Spider_Mite,Two_Spotted_Spider_Mite
Two_Spotted_Spider_Mite,Two_Spotted_Spider_Mite
Two_Spotted_Spider_Mite,Two_Spotted_Spider_Mite
Two_Spotted_Spider_Mite,Two_Spotted_Spider_Mite
Two_Spotted_Spider_Mite,Two_Spotted_Spider_Mite
Two_Spotted_Spider_Mite,Two_Spotted_Spider_Mite
Two_Spotted_Spider_Mite,Two_Spotted_Spider_Mite
Two_Spotted_Spider_Mite,Two_Spotted_Spider_Mite
Two_Spotted_Spider_Mite,Two_Spotted_Spider_Mite
Two_Spotted_Spider_Mite,Two_Spotted_Spider_Mite
Two_Spotted_Spider_Mite,Two_Spotted_Spider_Mite
Two_Spotted_Spider_Mite,Two_Spotted_Spider_Mite
Two_Spotted_Spider_Mite,Two_Spotted_Spider_Mite
Two_Spotted_Spider_Mite,Two_Spotted_Spider_Mite
Two_Spotted_Spider_Mite,Two_Spotted_Spider_Mite
Two_Spotted_Spider_Mite,Two_Spotted_Spider_Mite
Two_Spotted_Spider_Mite,Two_Spotted_Spider_Mite
Two_Spotted_Spider_Mite,Two_Spotted_Spider_Mite
Two_Spotted_Spider_Mite,Two_Spotted_Spider_Mite
Two_Spotted_Spider_Mite,Two_Spotted_Spider_Mite
Two_Spotted_Spider_Mite,Two_Spotted_Spider_Mite
Two_Spotted_Spider_Mite,Two_Spotted_Spider_Mite
Two_Spotted_Spider_Mite,Two_Spotted_Spider_Mite
Two_Spotted_Spider_Mite,Two_Spotted_Spider_Mite
Two_Spotted_Spider_Mite,Two_Spotted_Spider_Mite
Two_Spotted_Spider_Mite,Two_Spotted_Spider_Mite
Two_Spotted_Spider_Mite,Two_Spotted_Spider_Mite
Two_Spotted_Spider_Mite,Two_Spotted_Spider_Mite
Two_Spotted_Spider_Mite,Two_Spotted_Spider_Mite
Two_Spotted_Spider_Mite,Target_Spot
Two_Spotted_Spider_Mite,Two_Spotted_Spider_Mite
Two_Spotted_Spider_Mite,Two_Spotted_Spider_Mite
Two_Spotted_Spider_Mite,Two_Spotted_Spider_Mite
Two_Spotted_Spider_Mite,Two_Spotted_Spider_Mite
Two_Spotted_Spider_Mite,Two_Spotted_Spider_Mite
Two_Spotted_Spider_Mite,Two_Spotted_Spider_Mite
Two_Spotted_Spider_Mite,Two_Spotted_Spider_Mite
Two_Spotted_Spider_Mite,Two_Spotted_Spider_Mite
Yellow_Leaf_Curl_Virus,Yellow_Leaf_Curl_Virus
Yellow_Leaf_Curl_Virus,Yellow_Leaf_Curl_Virus
Yellow_Leaf_Curl_Virus,Yellow_Leaf_Curl_Virus
Yellow_Leaf_Curl_Virus,Yellow_Leaf_Curl_Virus
Yellow_Leaf_Curl_Virus,Yellow_Leaf_Curl_Virus
Yellow_Leaf_Curl_Virus,Yellow_Leaf_Curl_Virus
Yellow_Leaf_Curl_Virus,Yellow_Leaf_Curl_Virus
Yellow_Leaf_Curl_Virus,Yellow_Leaf_Curl_Virus
Yellow_Leaf_Curl_Virus,Yellow_Leaf_Curl_Virus
Yellow_Leaf_Curl_Virus,Yellow_Leaf_Curl_Virus
Yellow_Leaf_Curl_Virus,Yellow_Leaf_Curl_Virus
Yellow_Leaf_Curl_Virus,Yellow_Leaf_Curl_Virus
Yellow_Leaf_Curl_Virus,Yellow_Leaf_Curl_Virus
Yellow_Leaf_Curl_Virus,Yellow_Leaf_Curl_Virus
Yellow_Leaf_Curl_Virus,Yellow_Leaf_Curl_Virus
Yellow_Leaf_Curl_Virus,Yellow_Leaf_Curl_Virus
Yellow_Leaf_Curl_Virus,Yellow_Leaf_Curl_Virus
Yellow_Leaf_Curl_Virus,Yellow_Leaf_Curl_Virus
Yellow_Leaf_Curl_Virus,Yellow_Leaf_Curl_Virus
Yellow_Leaf_Curl_Virus,Yellow_Leaf_Curl_Virus
Yellow_Leaf_Curl_Virus,Yellow_Leaf_Curl_Virus
Yellow_Leaf_Curl_Virus,Yellow_Leaf_Curl_Virus
Yellow_Leaf_Curl_Virus,Yellow_Leaf_Curl_Virus
Yellow_Leaf_Curl_Virus,Yellow_Leaf_Curl_Virus
Yellow_Leaf_Curl_Virus,Yellow_Leaf_Curl_Virus
Yellow_Leaf_Curl_Virus,Yellow_Leaf_Curl_Virus
Yellow_Leaf_Curl_Virus,Yellow_Leaf_Curl_Virus
Yellow_Leaf_Curl_Virus,Yellow_Leaf_Curl_Virus
Yellow_Leaf_Curl_Virus,Yellow_Leaf_Curl_Virus
Yellow_Leaf_Curl_Virus,Yellow_Leaf_Curl_Virus
Yellow_Leaf_Curl_Virus,Yellow_Leaf_Curl_Virus
Yellow_Leaf_Curl_Virus,Yellow_Leaf_Curl_Virus
Yellow_Leaf_Curl_Virus,Yellow_Leaf_Curl_Virus
Yellow_Leaf_Curl_Virus,Yellow_Leaf_Curl_Virus
Yellow_Leaf_Curl_Virus,Yellow_Leaf_Curl_Virus
Yellow_Leaf_Curl_Virus,Yellow_Leaf_Curl_Virus
Yellow_Leaf_Curl_Virus,Yellow_Leaf_Curl_Virus
Yellow_Leaf_Curl_Virus,Yellow_Leaf_Curl_Virus
Yellow_Leaf_Curl_Virus,Yellow_Leaf_Curl_Virus
Yellow_Leaf_Curl_Virus,Yellow_Leaf_Curl_Virus
Yellow_Leaf_Curl_Virus,Yellow_Leaf_Curl_Virus
Yellow_Leaf_Curl_Virus,Yellow_Leaf_Curl_Virus
Yellow_Leaf_Curl_Virus,Yellow_Leaf_Curl_Virus
Yellow_Leaf_Curl_Virus,Yellow_Leaf_Curl_Virus
Yellow_Leaf_Curl_Virus,Yellow_Leaf_Curl_Virus
Yellow_Leaf_Curl_Virus,Yellow_Leaf_Curl_Virus
Yellow_Leaf_Curl_Virus,Yellow_Leaf_Curl_Virus
Yellow_Leaf_Curl_Virus,Yellow_Leaf_Curl_Virus
Yellow_Leaf_Curl_Virus,Yellow_Leaf_Curl_Virus
Yellow_Leaf_Curl_Virus,Yellow_Leaf_Curl_Virus
Yellow_Leaf_Curl_Virus,Yellow_Leaf_Curl_Virus
Yellow_Leaf_Curl_Virus,Yellow_Leaf_Curl_Virus
Yellow_Leaf_Curl_Virus,Yellow_Leaf_Curl_Virus
Yellow_Leaf_Curl_Virus,Yellow_Leaf_Curl_Virus
Yellow_Leaf_Curl_Virus,Yellow_Leaf_Curl_Virus
Yellow_Leaf_Curl_Virus,Yellow_Leaf_Curl_Virus
Yellow_Leaf_Curl_Virus,Yellow_Leaf_Curl_Virus
Yellow_Leaf_Curl_Virus,Yellow_Leaf_Curl_Virus
Yellow_Leaf_Curl_Virus,Yellow_Leaf_Curl_Virus
Yellow_Leaf_Curl_Virus,Yellow_Leaf_Curl_Virus
Yellow_Leaf_Curl_Virus,Yellow_Leaf_Curl_Virus
Yellow_Leaf_Curl_Virus,Yellow_Leaf_Curl_Virus
Yellow_Leaf_Curl_Virus,Yellow_Leaf_Curl_Virus
Yellow_Leaf_Curl_Virus,Yellow_Leaf_Curl_Virus
Yellow_Leaf_Curl_Virus,Yellow_Leaf_Curl_Virus
Yellow_Leaf_Curl_Virus,Yellow_Leaf_Curl_Virus
Yellow_Leaf_Curl_Virus,Yellow_Leaf_Curl_Virus
Yellow_Leaf_Curl_Virus,Yellow_Leaf_Curl_Virus
Yellow_Leaf_Curl_Virus,Yellow_Leaf_Curl_Virus
Yellow_Leaf_Curl_Virus,Yellow_Leaf_Curl_Virus
Yellow_Leaf_Curl_Virus,Yellow_Leaf_Curl_Virus
Yellow_Leaf_Curl_Virus,Yellow_Leaf_Curl_Virus
Yellow_Leaf_Curl_Virus,Yellow_Leaf_Curl_Virus
Yellow_Leaf_Curl_Virus,Yellow_Leaf_Curl_Virus
Yellow_Leaf_Curl_Virus,Yellow_Leaf_Curl_Virus
Yellow_Leaf_Curl_Virus,Yellow_Leaf_Curl_Virus
Yellow_Leaf_Curl_Virus,Two_Spotted_Spider_Mite
Yellow_Leaf_Curl_Virus,Yellow_Leaf_Curl_Virus
Yellow_Leaf_Curl_Virus,Yellow_Leaf_Curl_Virus
Yellow_Leaf_Curl_Virus,Yellow_Leaf_Curl_Virus
Yellow_Leaf_Curl_Virus,Yellow_Leaf_Curl_Virus
Yellow_Leaf_Curl_Virus,Yellow_Leaf_Curl_Virus
Yellow_Leaf_Curl_Virus,Yellow_Leaf_Curl_Virus
Yellow_Leaf_Curl_Virus,Yellow_Leaf_Curl_Virus
Yellow_Leaf_Curl_Virus,Yellow_Leaf_Curl_Virus
Yellow_Leaf_Curl_Virus,Yellow_Leaf_Curl_Virus
Yellow_Leaf_Curl_Virus,Yellow_Leaf_Curl_Virus
Yellow_Leaf_Curl_Virus,Yellow_Leaf_Curl_Virus
Yellow_Leaf_Curl_Virus,Yellow_Leaf_Curl_Virus
Yellow_Leaf_Curl_Virus,Yellow_Leaf_Curl_Virus
Yellow_Leaf_Curl_Virus,Yellow_Leaf_Curl_Virus
Yellow_Leaf_Curl_Virus,Yellow_Leaf_Curl_Virus
Yellow_Leaf_Curl_Virus,Bacterial_Spot
Yellow_Leaf_Curl_Virus,Yellow_Leaf_Curl_Virus
Yellow_Leaf_Curl_Virus,Yellow_Leaf_Curl_Virus
Yellow_Leaf_Curl_Virus,Yellow_Leaf_Curl_Virus
Yellow_Leaf_Curl_Virus,Yellow_Leaf_Curl_Virus
Yellow_Leaf_Curl_Virus,Yellow_Leaf_Curl_Virus
Yellow_Leaf_Curl_Virus,Yellow_Leaf_Curl_Virus
Yellow_Leaf_Curl_Virus,Yellow_Leaf_Curl_Virus
Yellow_Leaf_Curl_Virus,Yellow_Leaf_Curl_Virus
Yellow_Leaf_Curl_Virus,Yellow_Leaf_Curl_Virus
Yellow_Leaf_Curl_Virus,Yellow_Leaf_Curl_Virus
Yellow_Leaf_Curl_Virus,Yellow_Leaf_Curl_Virus
Yellow_Leaf_Curl_Virus,Yellow_Leaf_Curl_Virus
Yellow_Leaf_Curl_Virus,Yellow_Leaf_Curl_Virus
Yellow_Leaf_Curl_Virus,Yellow_Leaf_Curl_Virus
Yellow_Leaf_Curl_Virus,Yellow_Leaf_Curl_Virus
Yellow_Leaf_Curl_Virus,Yellow_Leaf_Curl_Virus
Yellow_Leaf_Curl_Virus,Yellow_Leaf_Curl_Virus
Yellow_Leaf_Curl_Virus,Yellow_Leaf_Curl_Virus
Yellow_Leaf_Curl_Virus,Yellow_Leaf_Curl_Virus
Yellow_Leaf_Curl_Virus,Yellow_Leaf_Curl_Virus
Yellow_Leaf_Curl_Virus,Yellow_Leaf_Curl_Virus
Yellow_Leaf_Curl_Virus,Yellow_Leaf_Curl_Virus
Yellow_Leaf_Curl_Virus,Yellow_Leaf_Curl_Virus
Yellow_Leaf_Curl_Virus,Yellow_Leaf_Curl_Virus
Yellow_Leaf_Curl_Virus,Yellow_Leaf_Curl_Virus
Yellow_Leaf_Curl_Virus,Yellow_Leaf_Curl_Virus
Yellow_Leaf_Curl_Virus,Yellow_Leaf_Curl_Virus
Yellow_Leaf_Curl_Virus,Yellow_Leaf_Curl_Virus
Yellow_Leaf_Curl_Virus,Yellow_Leaf_Curl_Virus
Yellow_Leaf_Curl_Virus,Yellow_Leaf_Curl_Virus
Yellow_Leaf_Curl_Virus,Early_Blight
Yellow_Leaf_Curl_Virus,Yellow_Leaf_Curl_Virus
Yellow_Leaf_Curl_Virus,Yellow_Leaf_Curl_Virus
Yellow_Leaf_Curl_Virus,Yellow_Leaf_Curl_Virus
Yellow_Leaf_Curl_Virus,Yellow_Leaf_Curl_Virus
Yellow_Leaf_Curl_Virus,Yellow_Leaf_Curl_Virus
Yellow_Leaf_Curl_Virus,Yellow_Leaf_Curl_Virus
Yellow_Leaf_Curl_Virus,Yellow_Leaf_Curl_Virus
Yellow_Leaf_Curl_Virus,Yellow_Leaf_Curl_Virus
Yellow_Leaf_Curl_Virus,Yellow_Leaf_Curl_Virus
Yellow_Leaf_Curl_Virus,Yellow_Leaf_Curl_Virus
Yellow_Leaf_Curl_Virus,Yellow_Leaf_Curl_Virus
Yellow_Leaf_Curl_Virus,Yellow_Leaf_Curl_Virus
Yellow_Leaf_Curl_Virus,Yellow_Leaf_Curl_Virus
Yellow_Leaf_Curl_Virus,Yellow_Leaf_Curl_Virus
Yellow_Leaf_Curl_Virus,Yellow_Leaf_Curl_Virus
Yellow_Leaf_Curl_Virus,Yellow_Leaf_Curl_Virus
Yellow_Leaf_Curl_Virus,Yellow_Leaf_Curl_Virus
Yellow_Leaf_Curl_Virus,Yellow_Leaf_Curl_Virus
Yellow_Leaf_Curl_Virus,Yellow_Leaf_Curl_Virus
Yellow_Leaf_Curl_Virus,Yellow_Leaf_Curl_Virus
Yellow_Leaf_Curl_Virus,Yellow_Leaf_Curl_Virus
Yellow_Leaf_Curl_Virus,Yellow_Leaf_Curl_Virus
Yellow_Leaf_Curl_Virus,Yellow_Leaf_Curl_Virus
Yellow_Leaf_Curl_Virus,Yellow_Leaf_Curl_Virus
Yellow_Leaf_Curl_Virus,Yellow_Leaf_Curl_Virus
Yellow_Leaf_Curl_Virus,Yellow_Leaf_Curl_Virus
Yellow_Leaf_Curl_Virus,Yellow_Leaf_Curl_Virus
Yellow_Leaf_Curl_Virus,Yellow_Leaf_Curl_Virus
Yellow_Leaf_Curl_Virus,Yellow_Leaf_Curl_Virus
Yellow_Leaf_Curl_Virus,Yellow_Leaf_Curl_Virus
Yellow_Leaf_Curl_Virus,Yellow_Leaf_Curl_Virus
Yellow_Leaf_Curl_Virus,Yellow_Leaf_Curl_Virus
Yellow_Leaf_Curl_Virus,Yellow_Leaf_Curl_Virus
Yellow_Leaf_Curl_Virus,Yellow_Leaf_Curl_Virus
Yellow_Leaf_Curl_Virus,Yellow_Leaf_Curl_Virus
Yellow_Leaf_Curl_Virus,Yellow_Leaf_Curl_Virus
Yellow_Leaf_Curl_Virus,Yellow_Leaf_Curl_Virus
Yellow_Leaf_Curl_Virus,Yellow_Leaf_Curl_Virus
Yellow_Leaf_Curl_Virus,Yellow_Leaf_Curl_Virus
Yellow_Leaf_Curl_Virus,Yellow_Leaf_Curl_Virus
Yellow_Leaf_Curl_Virus,Yellow_Leaf_Curl_Virus
Yellow_Leaf_Curl_Virus,Yellow_Leaf_Curl_Virus
Yellow_Leaf_Curl_Virus,Yellow_Leaf_Curl_Virus
Yellow_Leaf_Curl_Virus,Yellow_Leaf_Curl_Virus
Yellow_Leaf_Curl_Virus,Yellow_Leaf_Curl_Virus
Yellow_Leaf_Curl_Virus,Yellow_Leaf_Curl_Virus
Yellow_Leaf_Curl_Virus,Yellow_Leaf_Curl_Virus
Yellow_Leaf_Curl_Virus,Yellow_Leaf_Curl_Virus
Yellow_Leaf_Curl_Virus,Yellow_Leaf_Curl_Virus
Yellow_Leaf_Curl_Virus,Yellow_Leaf_Curl_Virus
Yellow_Leaf_Curl_Virus,Two_Spotted_Spider_Mite
Yellow_Leaf_Curl_Virus,Yellow_Leaf_Curl_Virus
Yellow_Leaf_Curl_Virus,Yellow_Leaf_Curl_Virus
Yellow_Leaf_Curl_Virus,Yellow_Leaf_Curl_Virus
Yellow_Leaf_Curl_Virus,Yellow_Leaf_Curl_Virus
Yellow_Leaf_Curl_Virus,Yellow_Leaf_Curl_Virus
Yellow_Leaf_Curl_Virus,Yellow_Leaf_Curl_Virus
Yellow_Leaf_Curl_Virus,Yellow_Leaf_Curl_Virus
Yellow_Leaf_Curl_Virus,Bacterial_Spot
Yellow_Leaf_Curl_Virus,Yellow_Leaf_Curl_Virus
Yellow_Leaf_Curl_Virus,Yellow_Leaf_Curl_Virus
Yellow_Leaf_Curl_Virus,Yellow_Leaf_Curl_Virus
Yellow_Leaf_Curl_Virus,Yellow_Leaf_Curl_Virus
Yellow_Leaf_Curl_Virus,Yellow_Leaf_Curl_Virus
Yellow_Leaf_Curl_Virus,Yellow_Leaf_Curl_Virus
Yellow_Leaf_Curl_Virus,Yellow_Leaf_Curl_Virus
Yellow_Leaf_Curl_Virus,Yellow_Leaf_Curl_Virus
Yellow_Leaf_Curl_Virus,Yellow_Leaf_Curl_Virus
Yellow_Leaf_Curl_Virus,Yellow_Leaf_Curl_Virus
Yellow_Leaf_Curl_Virus,Yellow_Leaf_Curl_Virus
Yellow_Leaf_Curl_Virus,Yellow_Leaf_Curl_Virus
Yellow_Leaf_Curl_Virus,Yellow_Leaf_Curl_Virus
Yellow_Leaf_Curl_Virus,Yellow_Leaf_Curl_Virus
Yellow_Leaf_Curl_Virus,Yellow_Leaf_Curl_Virus
Yellow_Leaf_Curl_Virus,Yellow_Leaf_Curl_Virus
Yellow_Leaf_Curl_Virus,Yellow_Leaf_Curl_Virus
Yellow_Leaf_Curl_Virus,Yellow_Leaf_Curl_Virus
Yellow_Leaf_Curl_Virus,Yellow_Leaf_Curl_Virus
Yellow_Leaf_Curl_Virus,Yellow_Leaf_Curl_Virus
Yellow_Leaf_Curl_Virus,Yellow_Leaf_Curl_Virus
Yellow_Leaf_Curl_Virus,Yellow_Leaf_Curl_Virus
Yellow_Leaf_Curl_Virus,Yellow_Leaf_Curl_Virus
Yellow_Leaf_Curl_Virus,Yellow_Leaf_Curl_Virus
Yellow_Leaf_Curl_Virus,Yellow_Leaf_Curl_Virus
Yellow_Leaf_Curl_Virus,Yellow_Leaf_Curl_Virus
Yellow_Leaf_Curl_Virus,Yellow_Leaf_Curl_Virus
Yellow_Leaf_Curl_Virus,Yellow_Leaf_Curl_Virus
Yellow_Leaf_Curl_Virus,Yellow_Leaf_Curl_Virus
Yellow_Leaf_Curl_Virus,Yellow_Leaf_Curl_Virus
Yellow_Leaf_Curl_Virus,Yellow_Leaf_Curl_Virus
Yellow_Leaf_Curl_Virus,Yellow_Leaf_Curl_Virus
Yellow_Leaf_Curl_Virus,Yellow_Leaf_Curl_Virus
Yellow_Leaf_Curl_Virus,Yellow_Leaf_Curl_Virus
Yellow_Leaf_Curl_Virus,Yellow_Leaf_Curl_Virus
Yellow_Leaf_Curl_Virus,Yellow_Leaf_Curl_Virus
Yellow_Leaf_Curl_Virus,Yellow_Leaf_Curl_Virus
Yellow_Leaf_Curl_Virus,Yellow_Leaf_Curl_Virus
Yellow_Leaf_Curl_Virus,Yellow_Leaf_Curl_Virus
Yellow_Leaf_Curl_Virus,Yellow_Leaf_Curl_Virus
Yellow_Leaf_Curl_Virus,Yellow_Leaf_Curl_Virus
Yellow_Leaf_Curl_Virus,Yellow_Leaf_Curl_Virus
Yellow_Leaf_Curl_Virus,Yellow_Leaf_Curl_Virus
Yellow_Leaf_Curl_Virus,Yellow_Leaf_Curl_Virus
Yellow_Leaf_Curl_Virus,Yellow_Leaf_Curl_Virus
Yellow_Leaf_Curl_Virus,Yellow_Leaf_Curl_Virus
Yellow_Leaf_Curl_Virus,Yellow_Leaf_Curl_Virus
Yellow_Leaf_Curl_Virus,Yellow_Leaf_Curl_Virus
Yellow_Leaf_Curl_Virus,Yellow_Leaf_Curl_Virus
Yellow_Leaf_Curl_Virus,Yellow_Leaf_Curl_Virus
Yellow_Leaf_Curl_Virus,Yellow_Leaf_Curl_Virus
Yellow_Leaf_Curl_Virus,Two_Spotted_Spider_Mite
Yellow_Leaf_Curl_Virus,Yellow_Leaf_Curl_Virus
Yellow_Leaf_Curl_Virus,Yellow_Leaf_Curl_Virus
Yellow_Leaf_Curl_Virus,Yellow_Leaf_Curl_Virus
Yellow_Leaf_Curl_Virus,Yellow_Leaf_Curl_Virus
Yellow_Leaf_Curl_Virus,Yellow_Leaf_Curl_Virus
Yellow_Leaf_Curl_Virus,Yellow_Leaf_Curl_Virus
Yellow_Leaf_Curl_Virus,Yellow_Leaf_Curl_Virus
Yellow_Leaf_Curl_Virus,Yellow_Leaf_Curl_Virus
Yellow_Leaf_Curl_Virus,Yellow_Leaf_Curl_Virus
Yellow_Leaf_Curl_Virus,Yellow_Leaf_Curl_Virus
Yellow_Leaf_Curl_Virus,Yellow_Leaf_Curl_Virus
Yellow_Leaf_Curl_Virus,Yellow_Leaf_Curl_Virus
Yellow_Leaf_Curl_Virus,Yellow_Leaf_Curl_Virus
Yellow_Leaf_Curl_Virus,Yellow_Leaf_Curl_Virus
Yellow_Leaf_Curl_Virus,Yellow_Leaf_Curl_Virus
Yellow_Leaf_Curl_Virus,Yellow_Leaf_Curl_Virus
Yellow_Leaf_Curl_Virus,Yellow_Leaf_Curl_Virus
Yellow_Leaf_Curl_Virus,Yellow_Leaf_Curl_Virus
Yellow_Leaf_Curl_Virus,Yellow_Leaf_Curl_Virus
Yellow_Leaf_Curl_Virus,Yellow_Leaf_Curl_Virus
Yellow_Leaf_Curl_Virus,Yellow_Leaf_Curl_Virus
Yellow_Leaf_Curl_Virus,Yellow_Leaf_Curl_Virus
Yellow_Leaf_Curl_Virus,Yellow_Leaf_Curl_Virus
Yellow_Leaf_Curl_Virus,Two_Spotted_Spider_Mite
Yellow_Leaf_Curl_Virus,Yellow_Leaf_Curl_Virus
Yellow_Leaf_Curl_Virus,Yellow_Leaf_Curl_Virus
Yellow_Leaf_Curl_Virus,Yellow_Leaf_Curl_Virus
Yellow_Leaf_Curl_Virus,Yellow_Leaf_Curl_Virus
Yellow_Leaf_Curl_Virus,Yellow_Leaf_Curl_Virus
Yellow_Leaf_Curl_Virus,Yellow_Leaf_Curl_Virus
Yellow_Leaf_Curl_Virus,Bacterial_Spot
Yellow_Leaf_Curl_Virus,Yellow_Leaf_Curl_Virus
Yellow_Leaf_Curl_Virus,Yellow_Leaf_Curl_Virus
Yellow_Leaf_Curl_Virus,Yellow_Leaf_Curl_Virus
Yellow_Leaf_Curl_Virus,Yellow_Leaf_Curl_Virus
Yellow_Leaf_Curl_Virus,Yellow_Leaf_Curl_Virus
Yellow_Leaf_Curl_Virus,Yellow_Leaf_Curl_Virus
Yellow_Leaf_Curl_Virus,Yellow_Leaf_Curl_Virus
Yellow_Leaf_Curl_Virus,Yellow_Leaf_Curl_Virus
Yellow_Leaf_Curl_Virus,Yellow_Leaf_Curl_Virus
Yellow_Leaf_Curl_Virus,Yellow_Leaf_Curl_Virus
Yellow_Leaf_Curl_Virus,Two_Spotted_Spider_Mite
Yellow_Leaf_Curl_Virus,Yellow_Leaf_Curl_Virus
Yellow_Leaf_Curl_Virus,Yellow_Leaf_Curl_Virus
Yellow_Leaf_Curl_Virus,Yellow_Leaf_Curl_Virus
Yellow_Leaf_Curl_Virus,Yellow_Leaf_Curl_Virus
Yellow_Leaf_Curl_Virus,Yellow_Leaf_Curl_Virus
Yellow_Leaf_Curl_Virus,Yellow_Leaf_Curl_Virus
Yellow_Leaf_Curl_Virus,Yellow_Leaf_Curl_Virus
Yellow_Leaf_Curl_Virus,Yellow_Leaf_Curl_Virus
Yellow_Leaf_Curl_Virus,Yellow_Leaf_Curl_Virus
Yellow_Leaf_Curl_Virus,Yellow_Leaf_Curl_Virus
Yellow_Leaf_Curl_Virus,Yellow_Leaf_Curl_Virus
Yellow_Leaf_Curl_Virus,Yellow_Leaf_Curl_Virus
Yellow_Leaf_Curl_Virus,Yellow_Leaf_Curl_Virus
Yellow_Leaf_Curl_Virus,Yellow_Leaf_Curl_Virus
Yellow_Leaf_Curl_Virus,Yellow_Leaf_Curl_Virus
Yellow_Leaf_Curl_Virus,Yellow_Leaf_Curl_Virus
Yellow_Leaf_Curl_Virus,Yellow_Leaf_Curl_Virus
Yellow_Leaf_Curl_Virus,Yellow_Leaf_Curl_Virus
Yellow_Leaf_Curl_Virus,Bacterial_Spot
Yellow_Leaf_Curl_Virus,Yellow_Leaf_Curl_Virus
Yellow_Leaf_Curl_Virus,Yellow_Leaf_Curl_Virus
Yellow_Leaf_Curl_Virus,Yellow_Leaf_Curl_Virus
Yellow_Leaf_Curl_Virus,Yellow_Leaf_Curl_Virus
Yellow_Leaf_Curl_Virus,Yellow_Leaf_Curl_Virus
Yellow_Leaf_Curl_Virus,Yellow_Leaf_Curl_Virus
Yellow_Leaf_Curl_Virus,Yellow_Leaf_Curl_Virus
Yellow_Leaf_Curl_Virus,Yellow_Leaf_Curl_Virus
Yellow_Leaf_Curl_Virus,Yellow_Leaf_Curl_Virus
Yellow_Leaf_Curl_Virus,Yellow_Leaf_Curl_Virus
Yellow_Leaf_Curl_Virus,Yellow_Leaf_Curl_Virus
Yellow_Leaf_Curl_Virus,Yellow_Leaf_Curl_Virus
Yellow_Leaf_Curl_Virus,Yellow_Leaf_Curl_Virus
Yellow_Leaf_Curl_Virus,Yellow_Leaf_Curl_Virus
Yellow_Leaf_Curl_Virus,Yellow_Leaf_Curl_Virus
Yellow_Leaf_Curl_Virus,Yellow_Leaf_Curl_Virus
Yellow_Leaf_Curl_Virus,Yellow_Leaf_Curl_Virus
Yellow_Leaf_Curl_Virus,Yellow_Leaf_Curl_Virus
Yellow_Leaf_Curl_Virus,Yellow_Leaf_Curl_Virus
Yellow_Leaf_Curl_Virus,Yellow_Leaf_Curl_Virus
Yellow_Leaf_Curl_Virus,Yellow_Leaf_Curl_Virus
Yellow_Leaf_Curl_Virus,Yellow_Leaf_Curl_Virus
Yellow_Leaf_Curl_Virus,Yellow_Leaf_Curl_Virus
Yellow_Leaf_Curl_Virus,Yellow_Leaf_Curl_Virus
Yellow_Leaf_Curl_Virus,Yellow_Leaf_Curl_Virus
Yellow_Leaf_Curl_Virus,Yellow_Leaf_Curl_Virus
Yellow_Leaf_Curl_Virus,Yellow_Leaf_Curl_Virus
Yellow_Leaf_Curl_Virus,Yellow_Leaf_Curl_Virus
Yellow_Leaf_Curl_Virus,Yellow_Leaf_Curl_Virus
Yellow_Leaf_Curl_Virus,Yellow_Leaf_Curl_Virus
Yellow_Leaf_Curl_Virus,Yellow_Leaf_Curl_Virus
Yellow_Leaf_Curl_Virus,Yellow_Leaf_Curl_Virus
Yellow_Leaf_Curl_Virus,Yellow_Leaf_Curl_Virus
Yellow_Leaf_Curl_Virus,Yellow_Leaf_Curl_Virus
Yellow_Leaf_Curl_Virus,Yellow_Leaf_Curl_Virus
Yellow_Leaf_Curl_Virus,Yellow_Leaf_Curl_Virus
Yellow_Leaf_Curl_Virus,Yellow_Leaf_Curl_Virus
Yellow_Leaf_Curl_Virus,Yellow_Leaf_Curl_Virus
Yellow_Leaf_Curl_Virus,Yellow_Leaf_Curl_Virus
Yellow_Leaf_Curl_Virus,Yellow_Leaf_Curl_Virus
Yellow_Leaf_Curl_Virus,Yellow_Leaf_Curl_Virus
Yellow_Leaf_Curl_Virus,Yellow_Leaf_Curl_Virus
Yellow_Leaf_Curl_Virus,Yellow_Leaf_Curl_Virus
Yellow_Leaf_Curl_Virus,Yellow_Leaf_Curl_Virus
Yellow_Leaf_Curl_Virus,Yellow_Leaf_Curl_Virus
Yellow_Leaf_Curl_Virus,Yellow_Leaf_Curl_Virus
Yellow_Leaf_Curl_Virus,Yellow_Leaf_Curl_Virus
Yellow_Leaf_Curl_Virus,Yellow_Leaf_Curl_Virus
Yellow_Leaf_Curl_Virus,Yellow_Leaf_Curl_Virus
Yellow_Leaf_Curl_Virus,Yellow_Leaf_Curl_Virus
Yellow_Leaf_Curl_Virus,Yellow_Leaf_Curl_Virus
Yellow_Leaf_Curl_Virus,Yellow_Leaf_Curl_Virus
Yellow_Leaf_Curl_Virus,Yellow_Leaf_Curl_Virus
Yellow_Leaf_Curl_Virus,Bacterial_Spot
Yellow_Leaf_Curl_Virus,Yellow_Leaf_Curl_Virus
Yellow_Leaf_Curl_Virus,Yellow_Leaf_Curl_Virus
Yellow_Leaf_Curl_Virus,Yellow_Leaf_Curl_Virus
Yellow_Leaf_Curl_Virus,Yellow_Leaf_Curl_Virus
Yellow_Leaf_Curl_Virus,Yellow_Leaf_Curl_Virus
Yellow_Leaf_Curl_Virus,Yellow_Leaf_Curl_Virus
Yellow_Leaf_Curl_Virus,Yellow_Leaf_Curl_Virus
Yellow_Leaf_Curl_Virus,Yellow_Leaf_Curl_Virus
Yellow_Leaf_Curl_Virus,Yellow_Leaf_Curl_Virus
Yellow_Leaf_Curl_Virus,Yellow_Leaf_Curl_Virus
Yellow_Leaf_Curl_Virus,Yellow_Leaf_Curl_Virus
Yellow_Leaf_Curl_Virus,Yellow_Leaf_Curl_Virus
Yellow_Leaf_Curl_Virus,Yellow_Leaf_Curl_Virus
Yellow_Leaf_Curl_Virus,Yellow_Leaf_Curl_Virus
